timestamp,value
2026-04-21 13:39:50.502329,
2026-04-21 13:39:51.525218,
2026-04-21 13:39:52.544370,
2026-04-21 13:39:53.568618,
2026-04-21 13:39:54.591402,
2026-04-21 13:39:55.607940,
2026-04-21 13:39:56.628526,
2026-04-21 13:39:57.645833,
2026-04-21 13:39:58.660937,
2026-04-21 13:39:59.683026,
2026-04-21 13:40:00.707931,
2026-04-21 13:40:01.728335,
2026-04-21 13:40:02.748171,
2026-04-21 13:40:03.767132,
2026-04-21 13:40:04.784900,
2026-04-21 13:40:05.804694,
2026-04-21 13:40:06.821301,
2026-04-21 13:40:07.841610,
2026-04-21 13:40:08.868475,
2026-04-21 13:40:09.888188,
2026-04-21 13:40:10.901414,
2026-04-21 13:40:11.917376,
2026-04-21 13:40:12.934646,
2026-04-21 13:40:13.952857,
2026-04-21 13:40:14.969187,
2026-04-21 13:40:15.985817,
2026-04-21 13:40:17.006544,
2026-04-21 13:40:18.022934,
2026-04-21 13:40:19.046500,
2026-04-21 13:40:20.064642,
2026-04-21 13:40:21.084223,
2026-04-21 13:40:22.102095,
2026-04-21 13:40:23.117904,
2026-04-21 13:40:24.136258,
2026-04-21 13:40:25.155030,
2026-04-21 13:40:26.170000,
2026-04-21 13:40:27.185952,
2026-04-21 13:40:28.204326,
2026-04-21 13:40:29.223569,
2026-04-21 13:40:30.242272,
2026-04-21 13:40:31.261087,
2026-04-21 13:40:32.279659,
2026-04-21 13:40:33.305902,
2026-04-21 13:40:34.331182,
2026-04-21 13:40:35.351295,
2026-04-21 13:40:36.370144,
2026-04-21 13:40:37.391457,
2026-04-21 13:40:38.411968,
2026-04-21 13:40:39.438427,
2026-04-21 13:40:40.455622,
2026-04-21 13:40:41.475639,
2026-04-21 13:40:42.494900,
2026-04-21 13:40:43.520263,
2026-04-21 13:40:44.538899,
2026-04-21 13:40:45.556452,
2026-04-21 13:40:46.575548,
2026-04-21 13:40:47.592098,
2026-04-21 13:40:48.612959,
2026-04-21 13:40:49.636658,
2026-04-21 13:40:50.659305,
2026-04-21 13:40:51.684014,
2026-04-21 13:40:52.705561,
2026-04-21 13:40:53.724127,
2026-04-21 13:40:54.747269,
2026-04-21 13:40:55.766211,
2026-04-21 13:40:56.785121,
2026-04-21 13:40:57.803258,
2026-04-21 13:40:58.829131,
2026-04-21 13:40:59.848782,
2026-04-21 13:41:00.867054,
2026-04-21 13:41:01.886906,
2026-04-21 13:41:02.912101,
2026-04-21 13:41:03.927978,
2026-04-21 13:41:04.943842,
2026-04-21 13:41:05.960601,
2026-04-21 13:41:06.978085,
2026-04-21 13:41:07.997399,
2026-04-21 13:41:09.017106,
2026-04-21 13:41:10.033393,
2026-04-21 13:41:11.051378,
2026-04-21 13:41:12.075667,
2026-04-21 13:41:13.096893,
2026-04-21 13:41:14.114480,
2026-04-21 13:41:15.137194,
2026-04-21 13:41:16.157528,
2026-04-21 13:41:17.178025,
2026-04-21 13:41:18.195005,
2026-04-21 13:41:19.217591,
2026-04-21 13:41:20.237711,
2026-04-21 13:41:21.255435,
2026-04-21 13:41:22.274852,
2026-04-21 13:41:23.300265,
2026-04-21 13:41:24.319302,
2026-04-21 13:41:25.335763,
2026-04-21 13:41:26.354863,
2026-04-21 13:41:27.373893,
2026-04-21 13:41:28.389352,
2026-04-21 13:41:29.405215,
2026-04-21 13:41:30.421727,
2026-04-21 13:41:31.434619,
2026-04-21 13:41:32.454019,
2026-04-21 13:41:33.474809,
2026-04-21 13:41:34.490929,
2026-04-21 13:41:35.508063,
2026-04-21 13:41:36.527513,
2026-04-21 13:41:37.547064,
2026-04-21 13:41:38.564821,
2026-04-21 13:41:39.586067,
2026-04-21 13:41:40.601198,
2026-04-21 13:41:41.619007,
2026-04-21 13:41:42.643402,
2026-04-21 13:41:43.662875,
2026-04-21 13:41:44.680658,
2026-04-21 13:41:45.701657,
2026-04-21 13:41:46.727694,
2026-04-21 13:41:47.746567,
2026-04-21 13:41:48.767171,
2026-04-21 13:41:49.787373,
2026-04-21 13:41:50.807151,
2026-04-21 13:41:51.824714,
2026-04-21 13:41:52.846872,
2026-04-21 13:41:53.873770,
2026-04-21 13:41:54.898190,
2026-04-21 13:41:55.917683,
2026-04-21 13:41:56.935749,
2026-04-21 13:41:57.955357,
2026-04-21 13:41:58.970933,
2026-04-21 13:41:59.989175,
2026-04-21 13:42:01.006100,
2026-04-21 13:42:02.023386,
2026-04-21 13:42:03.043020,
2026-04-21 13:42:04.060986,
2026-04-21 13:42:05.087370,
2026-04-21 13:42:06.104240,
2026-04-21 13:42:07.130114,
2026-04-21 13:42:08.148319,
2026-04-21 13:42:09.165960,
2026-04-21 13:42:10.185068,
2026-04-21 13:42:11.201864,
2026-04-21 13:42:12.219717,
2026-04-21 13:42:13.239065,
2026-04-21 13:42:14.264962,
2026-04-21 13:42:15.290787,
2026-04-21 13:42:16.311391,
2026-04-21 13:42:17.328269,
2026-04-21 13:42:18.347034,
2026-04-21 13:42:19.365380,
2026-04-21 13:42:20.382836,
2026-04-21 13:42:21.401168,
2026-04-21 13:42:22.419613,
2026-04-21 13:42:23.438754,
2026-04-21 13:42:24.456727,
2026-04-21 13:42:25.486315,
2026-04-21 13:42:26.514539,
2026-04-21 13:42:27.530625,
2026-04-21 13:42:28.545164,
2026-04-21 13:42:29.565063,
2026-04-21 13:42:30.589737,
2026-04-21 13:42:31.605745,
2026-04-21 13:42:32.620670,
2026-04-21 13:42:33.640601,
2026-04-21 13:42:34.656069,
2026-04-21 13:42:35.683222,
2026-04-21 13:42:36.701187,
2026-04-21 13:42:37.717698,
2026-04-21 13:42:38.738200,
2026-04-21 13:42:39.757260,
2026-04-21 13:42:40.772022,
2026-04-21 13:42:41.790274,
2026-04-21 13:42:42.811706,
2026-04-21 13:42:43.830724,
2026-04-21 13:42:44.850729,
2026-04-21 13:42:45.872933,
2026-04-21 13:42:46.895843,
2026-04-21 13:42:47.915467,
2026-04-21 13:42:48.932348,
2026-04-21 13:42:49.952673,
2026-04-21 13:42:50.970753,
2026-04-21 13:42:51.986299,
2026-04-21 13:42:53.005688,
2026-04-21 13:42:54.022750,
2026-04-21 13:42:55.044315,
2026-04-21 13:42:56.063156,
2026-04-21 13:42:57.081422,
2026-04-21 13:42:58.104823,
2026-04-21 13:42:59.124055,
2026-04-21 13:43:00.142691,
2026-04-21 13:43:01.162433,
2026-04-21 13:43:02.180590,
2026-04-21 13:43:03.200977,
2026-04-21 13:43:04.221289,
2026-04-21 13:43:05.238912,
2026-04-21 13:43:06.258856,
2026-04-21 13:43:07.278757,
2026-04-21 13:43:08.299355,
2026-04-21 13:43:09.318006,
2026-04-21 13:43:10.335229,
2026-04-21 13:43:11.360855,
2026-04-21 13:43:12.383391,
2026-04-21 13:43:13.402173,
2026-04-21 13:43:14.425965,
2026-04-21 13:43:15.446024,
2026-04-21 13:43:16.465327,
2026-04-21 13:43:17.484466,
2026-04-21 13:43:18.504368,
2026-04-21 13:43:19.523192,
2026-04-21 13:43:20.543371,
2026-04-21 13:43:21.563870,
2026-04-21 13:43:22.584818,
2026-04-21 13:43:23.603021,
2026-04-21 13:43:24.622891,
2026-04-21 13:43:25.645446,
2026-04-21 13:43:26.665425,
2026-04-21 13:43:27.683444,
2026-04-21 13:43:28.705326,
2026-04-21 13:43:29.724703,
2026-04-21 13:43:30.745802,
2026-04-21 13:43:31.764929,
2026-04-21 13:43:32.782358,
2026-04-21 13:43:33.801482,
2026-04-21 13:43:34.819821,
2026-04-21 13:43:35.839710,
2026-04-21 13:43:36.855473,
2026-04-21 13:43:37.876042,
2026-04-21 13:43:38.899898,
2026-04-21 13:43:39.916905,
2026-04-21 13:43:40.932413,
2026-04-21 13:43:41.951324,
2026-04-21 13:43:42.971631,
2026-04-21 13:43:43.989282,
2026-04-21 13:43:45.008640,
2026-04-21 13:43:46.027217,
2026-04-21 13:43:47.044992,
2026-04-21 13:43:48.060412,
2026-04-21 13:43:49.077419,
2026-04-21 13:43:50.096546,
2026-04-21 13:43:51.111002,
2026-04-21 13:43:52.136569,
2026-04-21 13:43:53.158910,
2026-04-21 13:43:54.180263,
2026-04-21 13:43:55.205266,
2026-04-21 13:43:56.224199,
2026-04-21 13:43:57.240685,
2026-04-21 13:43:58.257717,
2026-04-21 13:43:59.278971,
2026-04-21 13:44:00.298908,
2026-04-21 13:44:01.318558,
2026-04-21 13:44:02.339415,
2026-04-21 13:44:03.359977,
2026-04-21 13:44:04.379512,
2026-04-21 13:44:05.400308,
2026-04-21 13:44:06.420950,
2026-04-21 13:44:07.438065,
2026-04-21 13:44:08.456264,
2026-04-21 13:44:09.474205,
2026-04-21 13:44:10.493133,
2026-04-21 13:44:11.510608,
2026-04-21 13:44:12.530773,
2026-04-21 13:44:13.547542,
2026-04-21 13:44:14.570061,
2026-04-21 13:44:15.586424,
2026-04-21 13:44:16.608124,
2026-04-21 13:44:17.630785,
2026-04-21 13:44:18.656666,
2026-04-21 13:44:19.673819,
2026-04-21 13:44:20.694636,
2026-04-21 13:44:21.714882,
2026-04-21 13:44:22.734726,
2026-04-21 13:44:23.755738,
2026-04-21 13:44:24.775288,
2026-04-21 13:44:25.793363,
2026-04-21 13:44:26.818826,
2026-04-21 13:44:27.837051,
2026-04-21 13:44:28.858015,
2026-04-21 13:44:29.883192,
2026-04-21 13:44:30.903934,
2026-04-21 13:44:31.922938,
2026-04-21 13:44:32.942383,
2026-04-21 13:44:33.960911,
2026-04-21 13:44:34.981742,
2026-04-21 13:44:36.001195,
2026-04-21 13:44:37.019723,
2026-04-21 13:44:38.038695,
2026-04-21 13:44:39.057479,
2026-04-21 13:44:40.075212,
2026-04-21 13:44:41.093511,
2026-04-21 13:44:42.114826,
2026-04-21 13:44:43.137183,
2026-04-21 13:44:44.154477,
2026-04-21 13:44:45.169040,
2026-04-21 13:44:46.194441,
2026-04-21 13:44:47.210834,
2026-04-21 13:44:48.228372,
2026-04-21 13:44:49.253553,
2026-04-21 13:44:50.271976,
2026-04-21 13:44:51.289183,
2026-04-21 13:44:52.310590,
2026-04-21 13:44:53.334659,
2026-04-21 13:44:54.352965,
2026-04-21 13:44:55.371256,
2026-04-21 13:44:56.390555,
2026-04-21 13:44:57.423182,
2026-04-21 13:44:58.450279,
2026-04-21 13:44:59.473069,
2026-04-21 13:45:00.490563,
2026-04-21 13:45:01.510237,
2026-04-21 13:45:02.530178,
2026-04-21 13:45:03.551489,
2026-04-21 13:45:04.576378,
2026-04-21 13:45:05.596680,
2026-04-21 13:45:06.625222,
2026-04-21 13:45:07.651036,
2026-04-21 13:45:08.678083,
2026-04-21 13:45:09.698615,
2026-04-21 13:45:10.720917,
2026-04-21 13:45:11.743107,
2026-04-21 13:45:12.770527,
2026-04-21 13:45:13.789500,
2026-04-21 13:45:14.817028,
2026-04-21 13:45:15.842729,
2026-04-21 13:45:16.867761,
2026-04-21 13:45:17.888512,
2026-04-21 13:45:18.916074,
2026-04-21 13:45:19.934472,
2026-04-21 13:45:20.959459,
2026-04-21 13:45:21.978085,
2026-04-21 13:45:22.995110,
2026-04-21 13:45:24.016862,
2026-04-21 13:45:25.042543,
2026-04-21 13:45:26.067912,
2026-04-21 13:45:27.091214,
2026-04-21 13:45:28.116551,
2026-04-21 13:45:29.140235,
2026-04-21 13:45:30.166275,
2026-04-21 13:45:31.190426,
2026-04-21 13:45:32.219029,
2026-04-21 13:45:33.240037,
2026-04-21 13:45:34.287204,
2026-04-21 13:45:35.305678,
2026-04-21 13:45:36.329777,
2026-04-21 13:45:37.346432,
2026-04-21 13:45:38.363170,
2026-04-21 13:45:39.380578,
2026-04-21 13:45:40.396563,
2026-04-21 13:45:41.415430,
2026-04-21 13:45:42.439199,
2026-04-21 13:45:43.457513,
2026-04-21 13:45:44.482155,
2026-04-21 13:45:45.504709,
2026-04-21 13:45:46.528138,
2026-04-21 13:45:47.546581,
2026-04-21 13:45:48.567781,
2026-04-21 13:45:49.591358,
2026-04-21 13:45:50.614033,
2026-04-21 13:45:51.638020,
2026-04-21 13:45:52.659974,
2026-04-21 13:45:53.681616,
2026-04-21 13:45:54.699468,
2026-04-21 13:45:55.721041,
2026-04-21 13:45:56.744066,
2026-04-21 13:45:57.760855,
2026-04-21 13:45:58.783859,
2026-04-21 13:45:59.804503,
2026-04-21 13:46:00.825241,
2026-04-21 13:46:01.842682,
2026-04-21 13:46:02.861379,
2026-04-21 13:46:03.882387,
2026-04-21 13:46:04.903128,
2026-04-21 13:46:05.927184,
2026-04-21 13:46:06.947324,
2026-04-21 13:46:07.973221,
2026-04-21 13:46:08.995240,
2026-04-21 13:46:10.021243,
2026-04-21 13:46:11.046164,
2026-04-21 13:46:12.071654,
2026-04-21 13:46:13.092167,
2026-04-21 13:46:14.120141,
2026-04-21 13:46:15.144287,
2026-04-21 13:46:16.171005,
2026-04-21 13:46:17.189256,
2026-04-21 13:46:18.211893,
2026-04-21 13:46:19.236547,
2026-04-21 13:46:20.254653,
2026-04-21 13:46:21.274806,
2026-04-21 13:46:22.298492,
2026-04-21 13:46:23.318935,
2026-04-21 13:46:24.344357,
2026-04-21 13:46:25.360390,
2026-04-21 13:46:26.377606,
2026-04-21 13:46:27.402104,
2026-04-21 13:46:28.421797,
2026-04-21 13:46:29.443511,
2026-04-21 13:46:30.462059,
2026-04-21 13:46:31.482298,
2026-04-21 13:46:32.499128,
2026-04-21 13:46:33.519601,
2026-04-21 13:46:34.544130,
2026-04-21 13:46:35.569592,
2026-04-21 13:46:36.591268,
2026-04-21 13:46:37.613255,
2026-04-21 13:46:38.638426,
2026-04-21 13:46:39.663162,
2026-04-21 13:46:40.683901,
2026-04-21 13:46:41.705064,
2026-04-21 13:46:42.728001,
2026-04-21 13:46:43.757578,
2026-04-21 13:46:44.783743,
2026-04-21 13:46:45.803988,
2026-04-21 13:46:46.828813,
2026-04-21 13:46:47.850985,
2026-04-21 13:46:48.872257,
2026-04-21 13:46:49.889818,
2026-04-21 13:46:50.917924,
2026-04-21 13:46:51.941118,
2026-04-21 13:46:52.965744,
2026-04-21 13:46:53.985027,
2026-04-21 13:46:55.004153,
2026-04-21 13:46:56.024750,
2026-04-21 13:46:57.050094,
2026-04-21 13:46:58.072644,
2026-04-21 13:46:59.092100,
2026-04-21 13:47:00.119734,
2026-04-21 13:47:01.138120,
2026-04-21 13:47:02.156699,
2026-04-21 13:47:03.180396,
2026-04-21 13:47:04.204511,
2026-04-21 13:47:05.228619,
2026-04-21 13:47:06.256111,
2026-04-21 13:47:07.282599,
2026-04-21 13:47:08.307474,
2026-04-21 13:47:09.325380,
2026-04-21 13:47:10.347595,
2026-04-21 13:47:11.368132,
2026-04-21 13:47:12.393195,
2026-04-21 13:47:13.415516,
2026-04-21 13:47:14.440619,
2026-04-21 13:47:15.456695,
2026-04-21 13:47:16.482027,
2026-04-21 13:47:17.501073,
2026-04-21 13:47:18.531124,
2026-04-21 13:47:19.551773,
2026-04-21 13:47:20.576810,
2026-04-21 13:47:21.599665,
2026-04-21 13:47:22.624394,
2026-04-21 13:47:23.647029,
2026-04-21 13:47:24.668428,
2026-04-21 13:47:25.688876,
2026-04-21 13:47:26.718568,
2026-04-21 13:47:27.735076,
2026-04-21 13:47:28.763311,
2026-04-21 13:47:29.786665,
2026-04-21 13:47:30.812871,
2026-04-21 13:47:31.831816,
2026-04-21 13:47:32.852000,
2026-04-21 13:47:33.874118,
2026-04-21 13:47:34.896797,
2026-04-21 13:47:35.913154,
2026-04-21 13:47:36.936613,
2026-04-21 13:47:37.957624,
2026-04-21 13:47:38.984264,
2026-04-21 13:47:40.004932,
2026-04-21 13:47:41.028700,
2026-04-21 13:47:42.043782,
2026-04-21 13:47:43.068434,
2026-04-21 13:47:44.091771,
2026-04-21 13:47:45.112688,
2026-04-21 13:47:46.138486,
2026-04-21 13:47:47.156404,
2026-04-21 13:47:48.173599,
2026-04-21 13:47:49.200843,
2026-04-21 13:47:50.220131,
2026-04-21 13:47:51.239126,
2026-04-21 13:47:52.255970,
2026-04-21 13:47:53.283628,
2026-04-21 13:47:54.300363,
2026-04-21 13:47:55.332404,
2026-04-21 13:47:56.353626,
2026-04-21 13:47:57.381548,
2026-04-21 13:47:58.401992,
2026-04-21 13:47:59.428729,
2026-04-21 13:48:00.454566,
2026-04-21 13:48:01.486296,
2026-04-21 13:48:02.513057,
2026-04-21 13:48:03.536319,
2026-04-21 13:48:04.558511,
2026-04-21 13:48:05.576947,
2026-04-21 13:48:06.595389,
2026-04-21 13:48:07.610954,
2026-04-21 13:48:08.628475,
2026-04-21 13:48:09.648972,
2026-04-21 13:48:10.667678,
2026-04-21 13:48:11.685890,
2026-04-21 13:48:12.705115,
2026-04-21 13:48:13.727429,
2026-04-21 13:48:14.752094,
2026-04-21 13:48:15.773464,
2026-04-21 13:48:16.793821,
2026-04-21 13:48:17.818477,
2026-04-21 13:48:18.845135,
2026-04-21 13:48:19.868542,
2026-04-21 13:48:20.893949,
2026-04-21 13:48:21.916526,
2026-04-21 13:48:22.946073,
2026-04-21 13:48:23.964233,
2026-04-21 13:48:24.987963,
2026-04-21 13:48:26.011051,
2026-04-21 13:48:27.039655,
2026-04-21 13:48:28.066059,
2026-04-21 13:48:29.088984,
2026-04-21 13:48:30.110600,
2026-04-21 13:48:31.130736,
2026-04-21 13:48:32.156212,
2026-04-21 13:48:33.174081,
2026-04-21 13:48:34.194391,
2026-04-21 13:48:35.216191,
2026-04-21 13:48:36.238091,
2026-04-21 13:48:37.265038,
2026-04-21 13:48:38.285135,
2026-04-21 13:48:39.305559,
2026-04-21 13:48:40.324390,
2026-04-21 13:48:41.347769,
2026-04-21 13:48:42.368122,
2026-04-21 13:48:43.388402,
2026-04-21 13:48:44.407942,
2026-04-21 13:48:45.430836,
2026-04-21 13:48:46.453197,
2026-04-21 13:48:47.474501,
2026-04-21 13:48:48.494523,
2026-04-21 13:48:49.510997,
2026-04-21 13:48:50.535861,
2026-04-21 13:48:51.564441,
2026-04-21 13:48:52.584092,
2026-04-21 13:48:53.606238,
2026-04-21 13:48:54.633136,
2026-04-21 13:48:55.651485,
2026-04-21 13:48:56.673423,
2026-04-21 13:48:57.697843,
2026-04-21 13:48:58.718578,
2026-04-21 13:48:59.742135,
2026-04-21 13:49:00.766066,
2026-04-21 13:49:01.787961,
2026-04-21 13:49:02.817683,
2026-04-21 13:49:03.836993,
2026-04-21 13:49:04.855608,
2026-04-21 13:49:05.878065,
2026-04-21 13:49:06.899125,
2026-04-21 13:49:07.920214,
2026-04-21 13:49:08.937584,
2026-04-21 13:49:09.954105,
2026-04-21 13:49:10.972002,
2026-04-21 13:49:11.994239,
2026-04-21 13:49:13.017926,
2026-04-21 13:49:14.039615,
2026-04-21 13:49:15.068613,
2026-04-21 13:49:16.089284,
2026-04-21 13:49:17.111119,
2026-04-21 13:49:18.131253,
2026-04-21 13:49:19.155818,
2026-04-21 13:49:20.175567,
2026-04-21 13:49:21.200707,
2026-04-21 13:49:22.227402,
2026-04-21 13:49:23.250264,
2026-04-21 13:49:24.269082,
2026-04-21 13:49:25.290079,
2026-04-21 13:49:26.311482,
2026-04-21 13:49:27.335800,
2026-04-21 13:49:28.358675,
2026-04-21 13:49:29.379801,
2026-04-21 13:49:30.401260,
2026-04-21 13:49:31.423855,
2026-04-21 13:49:32.447237,
2026-04-21 13:49:33.468360,
2026-04-21 13:49:34.491475,
2026-04-21 13:49:35.521787,
2026-04-21 13:49:36.537496,
2026-04-21 13:49:37.565130,
2026-04-21 13:49:38.585526,
2026-04-21 13:49:39.612513,
2026-04-21 13:49:40.630726,
2026-04-21 13:49:41.651458,
2026-04-21 13:49:42.675504,
2026-04-21 13:49:43.703689,
2026-04-21 13:49:44.724773,
2026-04-21 13:49:45.751094,
2026-04-21 13:49:46.775062,
2026-04-21 13:49:47.793581,
2026-04-21 13:49:48.820465,
2026-04-21 13:49:49.838262,
2026-04-21 13:49:50.855156,
2026-04-21 13:49:51.875692,
2026-04-21 13:49:52.898592,
2026-04-21 13:49:53.921372,
2026-04-21 13:49:54.945178,
2026-04-21 13:49:55.970832,
2026-04-21 13:49:56.989194,
2026-04-21 13:49:58.009469,
2026-04-21 13:49:59.033778,
2026-04-21 13:50:00.056566,
2026-04-21 13:50:01.080295,
2026-04-21 13:50:02.094440,
2026-04-21 13:50:03.116388,
2026-04-21 13:50:04.138980,
2026-04-21 13:50:05.160477,
2026-04-21 13:50:06.181574,
2026-04-21 13:50:07.206194,
2026-04-21 13:50:08.225948,
2026-04-21 13:50:09.246296,
2026-04-21 13:50:10.267122,
2026-04-21 13:50:11.287356,
2026-04-21 13:50:12.307798,
2026-04-21 13:50:13.326635,
2026-04-21 13:50:14.349267,
2026-04-21 13:50:15.370541,
2026-04-21 13:50:16.387652,
2026-04-21 13:50:17.403849,
2026-04-21 13:50:18.427392,
2026-04-21 13:50:19.447887,
2026-04-21 13:50:20.473396,
2026-04-21 13:50:21.493558,
2026-04-21 13:50:22.513858,
2026-04-21 13:50:23.539925,
2026-04-21 13:50:24.559192,
2026-04-21 13:50:25.580482,
2026-04-21 13:50:26.605881,
2026-04-21 13:50:27.629285,
2026-04-21 13:50:28.646553,
2026-04-21 13:50:29.666756,
2026-04-21 13:50:30.686863,
2026-04-21 13:50:31.709268,
2026-04-21 13:50:32.736968,
2026-04-21 13:50:33.763153,
2026-04-21 13:50:34.788024,
2026-04-21 13:50:35.808442,
2026-04-21 13:50:36.829719,
2026-04-21 13:50:37.855775,
2026-04-21 13:50:38.884549,
2026-04-21 13:50:39.904532,
2026-04-21 13:50:40.933232,
2026-04-21 13:50:41.953620,
2026-04-21 13:50:42.978118,
2026-04-21 13:50:44.002990,
2026-04-21 13:50:45.024945,
2026-04-21 13:50:46.047028,
2026-04-21 13:50:47.072116,
2026-04-21 13:50:48.089354,
2026-04-21 13:50:49.109287,
2026-04-21 13:50:50.129696,
2026-04-21 13:50:51.151393,
2026-04-21 13:50:52.175846,
2026-04-21 13:50:53.192884,
2026-04-21 13:50:54.210014,
2026-04-21 13:50:55.230248,
2026-04-21 13:50:56.249558,
2026-04-21 13:50:57.268963,
2026-04-21 13:50:58.322796,
2026-04-21 13:50:59.343967,
2026-04-21 13:51:00.365150,
2026-04-21 13:51:01.385159,
2026-04-21 13:51:02.406598,
2026-04-21 13:51:03.424436,
2026-04-21 13:51:04.442251,
2026-04-21 13:51:05.473400,
2026-04-21 13:51:06.494235,
2026-04-21 13:51:07.513651,
2026-04-21 13:51:08.534173,
2026-04-21 13:51:09.554710,
2026-04-21 13:51:10.575723,
2026-04-21 13:51:11.602498,
2026-04-21 13:51:12.626083,
2026-04-21 13:51:13.646449,
2026-04-21 13:51:14.666341,
2026-04-21 13:51:15.686326,
2026-04-21 13:51:16.705648,
2026-04-21 13:51:17.725582,
2026-04-21 13:51:18.744258,
2026-04-21 13:51:19.763805,
2026-04-21 13:51:20.786863,
2026-04-21 13:51:21.800938,
2026-04-21 13:51:22.819586,
2026-04-21 13:51:23.837285,
2026-04-21 13:51:24.855891,
2026-04-21 13:51:25.875179,
2026-04-21 13:51:26.894336,
2026-04-21 13:51:27.919936,
2026-04-21 13:51:28.939545,
2026-04-21 13:51:29.964548,
2026-04-21 13:51:30.984105,
2026-04-21 13:51:32.003597,
2026-04-21 13:51:33.023494,
2026-04-21 13:51:34.043428,
2026-04-21 13:51:35.061715,
2026-04-21 13:51:36.081754,
2026-04-21 13:51:37.100320,
2026-04-21 13:51:38.120433,
2026-04-21 13:51:39.139298,
2026-04-21 13:51:40.160022,
2026-04-21 13:51:41.189835,
2026-04-21 13:51:42.216658,
2026-04-21 13:51:43.243900,
2026-04-21 13:51:44.261469,
2026-04-21 13:51:45.280240,
2026-04-21 13:51:46.300189,
2026-04-21 13:51:47.318689,
2026-04-21 13:51:48.344587,
2026-04-21 13:51:49.362393,
2026-04-21 13:51:50.384465,
2026-04-21 13:51:51.402921,
2026-04-21 13:51:52.424836,
2026-04-21 13:51:53.446774,
2026-04-21 13:51:54.471224,
2026-04-21 13:51:55.493359,
2026-04-21 13:51:56.514562,
2026-04-21 13:51:57.532479,
2026-04-21 13:51:58.552297,
2026-04-21 13:51:59.576096,
2026-04-21 13:52:00.594848,
2026-04-21 13:52:01.617540,
2026-04-21 13:52:02.636684,
2026-04-21 13:52:03.655010,
2026-04-21 13:52:04.682641,
2026-04-21 13:52:05.704783,
2026-04-21 13:52:06.725928,
2026-04-21 13:52:07.745584,
2026-04-21 13:52:08.764237,
2026-04-21 13:52:09.785005,
2026-04-21 13:52:10.804209,
2026-04-21 13:52:11.824334,
2026-04-21 13:52:12.843614,
2026-04-21 13:52:13.863428,
2026-04-21 13:52:14.879709,
2026-04-21 13:52:15.902810,
2026-04-21 13:52:16.922057,
2026-04-21 13:52:17.941927,
2026-04-21 13:52:18.962534,
2026-04-21 13:52:19.987058,
2026-04-21 13:52:21.005448,
2026-04-21 13:52:22.026705,
2026-04-21 13:52:23.046422,
2026-04-21 13:52:24.070799,
2026-04-21 13:52:25.091311,
2026-04-21 13:52:26.109111,
2026-04-21 13:52:27.128722,
2026-04-21 13:52:28.145671,
2026-04-21 13:52:29.163302,
2026-04-21 13:52:30.179589,
2026-04-21 13:52:31.201533,
2026-04-21 13:52:32.218885,
2026-04-21 13:52:33.234648,
2026-04-21 13:52:34.255687,
2026-04-21 13:52:35.273090,
2026-04-21 13:52:36.289536,
2026-04-21 13:52:37.309591,
2026-04-21 13:52:38.330020,
2026-04-21 13:52:39.351939,
2026-04-21 13:52:40.373003,
2026-04-21 13:52:41.394197,
2026-04-21 13:52:42.410608,
2026-04-21 13:52:43.435724,
2026-04-21 13:52:44.458281,
2026-04-21 13:52:45.477542,
2026-04-21 13:52:46.495934,
2026-04-21 13:52:47.515092,
2026-04-21 13:52:48.534470,
2026-04-21 13:52:49.553064,
2026-04-21 13:52:50.572052,
2026-04-21 13:52:51.592730,
2026-04-21 13:52:52.614356,
2026-04-21 13:52:53.638709,
2026-04-21 13:52:54.664752,
2026-04-21 13:52:55.682753,
2026-04-21 13:52:56.702859,
2026-04-21 13:52:57.720013,
2026-04-21 13:52:58.744138,
2026-04-21 13:52:59.763308,
2026-04-21 13:53:00.786412,
2026-04-21 13:53:01.807968,
2026-04-21 13:53:02.834553,
2026-04-21 13:53:03.859572,
2026-04-21 13:53:04.877821,
2026-04-21 13:53:05.894178,
2026-04-21 13:53:06.938330,
2026-04-21 13:53:07.968027,
2026-04-21 13:53:08.983634,
2026-04-21 13:53:09.998965,
2026-04-21 13:53:11.033379,
2026-04-21 13:53:12.051890,
2026-04-21 13:53:13.069393,
2026-04-21 13:53:14.087815,
2026-04-21 13:53:15.109227,
2026-04-21 13:53:16.129643,
2026-04-21 13:53:17.153503,
2026-04-21 13:53:18.175808,
2026-04-21 13:53:19.198121,
2026-04-21 13:53:20.221702,
2026-04-21 13:53:21.241590,
2026-04-21 13:53:22.258990,
2026-04-21 13:53:23.283475,
2026-04-21 13:53:24.301727,
2026-04-21 13:53:25.319441,
2026-04-21 13:53:26.342326,
2026-04-21 13:53:27.369369,
2026-04-21 13:53:28.385551,
2026-04-21 13:53:29.405309,
2026-04-21 13:53:30.427614,
2026-04-21 13:53:31.447432,
2026-04-21 13:53:32.465187,
2026-04-21 13:53:33.481277,
2026-04-21 13:53:34.499782,
2026-04-21 13:53:35.520087,
2026-04-21 13:53:36.536161,
2026-04-21 13:53:37.555175,
2026-04-21 13:53:38.575682,
2026-04-21 13:53:39.596318,
2026-04-21 13:53:40.616620,
2026-04-21 13:53:41.635736,
2026-04-21 13:53:42.654632,
2026-04-21 13:53:43.673777,
2026-04-21 13:53:44.692270,
2026-04-21 13:53:45.712267,
2026-04-21 13:53:46.729344,
2026-04-21 13:53:47.749101,
2026-04-21 13:53:48.766074,
2026-04-21 13:53:49.785295,
2026-04-21 13:53:50.803921,
2026-04-21 13:53:51.821821,
2026-04-21 13:53:52.839080,
2026-04-21 13:53:53.858794,
2026-04-21 13:53:54.879113,
2026-04-21 13:53:55.897725,
2026-04-21 13:53:56.917011,
2026-04-21 13:53:57.935446,
2026-04-21 13:53:58.988889,
2026-04-21 13:54:00.010210,
2026-04-21 13:54:01.031082,
2026-04-21 13:54:02.050512,
2026-04-21 13:54:03.069641,
2026-04-21 13:54:04.089303,
2026-04-21 13:54:05.115724,
2026-04-21 13:54:06.141095,
2026-04-21 13:54:07.163073,
2026-04-21 13:54:08.181283,
