series,scenario,replication,run_id,source,metric,method,true_change_step,first_signal_step,signal_count,detection_delay,is_false_alarm,mu_hat,sigma_hat,baseline_size,n_phase2_steps,n_total_observations,degradation,deg_value,deg_start,seed
series3_comparison,mean_shift_2sigma,1,series3_comparison__mean_shift_2sigma__rep01,exp_source,mean,shewhart,1,2,104,2,False,100.19406238079803,1.000662549617262,50,500,11000,mean_shift,2.23606797749979,1000,1
series3_comparison,mean_shift_2sigma,1,series3_comparison__mean_shift_2sigma__rep01,exp_source,mean,cusum,1,4,209,4,False,100.19406238079803,1.000662549617262,50,500,11000,mean_shift,2.23606797749979,1000,1
series3_comparison,mean_shift_2sigma,1,series3_comparison__mean_shift_2sigma__rep01,exp_source,mean,ewma,1,3,498,3,False,100.19406238079803,1.000662549617262,50,500,11000,mean_shift,2.23606797749979,1000,1
series3_comparison,mean_shift_2sigma,2,series3_comparison__mean_shift_2sigma__rep02,exp_source,mean,shewhart,1,4,134,4,False,99.76075032402412,1.041500610953222,50,500,11000,mean_shift,2.23606797749979,1000,2
series3_comparison,mean_shift_2sigma,2,series3_comparison__mean_shift_2sigma__rep02,exp_source,mean,cusum,1,3,251,3,False,99.76075032402412,1.041500610953222,50,500,11000,mean_shift,2.23606797749979,1000,2
series3_comparison,mean_shift_2sigma,2,series3_comparison__mean_shift_2sigma__rep02,exp_source,mean,ewma,1,2,499,2,False,99.76075032402412,1.041500610953222,50,500,11000,mean_shift,2.23606797749979,1000,2
series3_comparison,mean_shift_2sigma,3,series3_comparison__mean_shift_2sigma__rep03,exp_source,mean,shewhart,1,2,39,2,False,100.08642166490421,1.156737179552658,50,500,11000,mean_shift,2.23606797749979,1000,3
series3_comparison,mean_shift_2sigma,3,series3_comparison__mean_shift_2sigma__rep03,exp_source,mean,cusum,1,4,179,4,False,100.08642166490421,1.156737179552658,50,500,11000,mean_shift,2.23606797749979,1000,3
series3_comparison,mean_shift_2sigma,3,series3_comparison__mean_shift_2sigma__rep03,exp_source,mean,ewma,1,2,491,2,False,100.08642166490421,1.156737179552658,50,500,11000,mean_shift,2.23606797749979,1000,3
series3_comparison,mean_shift_2sigma,4,series3_comparison__mean_shift_2sigma__rep04,exp_source,mean,shewhart,1,6,73,6,False,100.25764808942657,1.0523812688143088,50,500,11000,mean_shift,2.23606797749979,1000,4
series3_comparison,mean_shift_2sigma,4,series3_comparison__mean_shift_2sigma__rep04,exp_source,mean,cusum,1,6,195,6,False,100.25764808942657,1.0523812688143088,50,500,11000,mean_shift,2.23606797749979,1000,4
series3_comparison,mean_shift_2sigma,4,series3_comparison__mean_shift_2sigma__rep04,exp_source,mean,ewma,1,3,492,3,False,100.25764808942657,1.0523812688143088,50,500,11000,mean_shift,2.23606797749979,1000,4
series3_comparison,mean_shift_2sigma,5,series3_comparison__mean_shift_2sigma__rep05,exp_source,mean,shewhart,1,5,89,5,False,100.16638513946427,1.0254371841538128,50,500,11000,mean_shift,2.23606797749979,1000,5
series3_comparison,mean_shift_2sigma,5,series3_comparison__mean_shift_2sigma__rep05,exp_source,mean,cusum,1,4,205,4,False,100.16638513946427,1.0254371841538128,50,500,11000,mean_shift,2.23606797749979,1000,5
series3_comparison,mean_shift_2sigma,5,series3_comparison__mean_shift_2sigma__rep05,exp_source,mean,ewma,1,2,497,2,False,100.16638513946427,1.0254371841538128,50,500,11000,mean_shift,2.23606797749979,1000,5
series3_comparison,mean_shift_2sigma,6,series3_comparison__mean_shift_2sigma__rep06,exp_source,mean,shewhart,1,8,150,8,False,99.95571675283301,0.9776796363551767,50,500,11000,mean_shift,2.23606797749979,1000,6
series3_comparison,mean_shift_2sigma,6,series3_comparison__mean_shift_2sigma__rep06,exp_source,mean,cusum,1,4,254,4,False,99.95571675283301,0.9776796363551767,50,500,11000,mean_shift,2.23606797749979,1000,6
series3_comparison,mean_shift_2sigma,6,series3_comparison__mean_shift_2sigma__rep06,exp_source,mean,ewma,1,3,498,3,False,99.95571675283301,0.9776796363551767,50,500,11000,mean_shift,2.23606797749979,1000,6
series3_comparison,mean_shift_2sigma,7,series3_comparison__mean_shift_2sigma__rep07,exp_source,mean,shewhart,1,2,129,2,False,99.85762486714415,1.0259382870282268,50,500,11000,mean_shift,2.23606797749979,1000,7
series3_comparison,mean_shift_2sigma,7,series3_comparison__mean_shift_2sigma__rep07,exp_source,mean,cusum,1,2,245,2,False,99.85762486714415,1.0259382870282268,50,500,11000,mean_shift,2.23606797749979,1000,7
series3_comparison,mean_shift_2sigma,7,series3_comparison__mean_shift_2sigma__rep07,exp_source,mean,ewma,1,2,498,2,False,99.85762486714415,1.0259382870282268,50,500,11000,mean_shift,2.23606797749979,1000,7
series3_comparison,mean_shift_2sigma,8,series3_comparison__mean_shift_2sigma__rep08,exp_source,mean,shewhart,1,10,72,10,False,100.18678001135171,1.0875434169349096,50,500,11000,mean_shift,2.23606797749979,1000,8
series3_comparison,mean_shift_2sigma,8,series3_comparison__mean_shift_2sigma__rep08,exp_source,mean,cusum,1,5,192,5,False,100.18678001135171,1.0875434169349096,50,500,11000,mean_shift,2.23606797749979,1000,8
series3_comparison,mean_shift_2sigma,8,series3_comparison__mean_shift_2sigma__rep08,exp_source,mean,ewma,1,4,495,4,False,100.18678001135171,1.0875434169349096,50,500,11000,mean_shift,2.23606797749979,1000,8
series3_comparison,mean_shift_2sigma,9,series3_comparison__mean_shift_2sigma__rep09,exp_source,mean,shewhart,1,1,165,1,False,100.15786932055808,0.8290395823699825,50,500,11000,mean_shift,2.23606797749979,1000,9
series3_comparison,mean_shift_2sigma,9,series3_comparison__mean_shift_2sigma__rep09,exp_source,mean,cusum,1,2,250,2,False,100.15786932055808,0.8290395823699825,50,500,11000,mean_shift,2.23606797749979,1000,9
series3_comparison,mean_shift_2sigma,9,series3_comparison__mean_shift_2sigma__rep09,exp_source,mean,ewma,1,1,500,1,False,100.15786932055808,0.8290395823699825,50,500,11000,mean_shift,2.23606797749979,1000,9
series3_comparison,mean_shift_2sigma,10,series3_comparison__mean_shift_2sigma__rep10,exp_source,mean,shewhart,1,1,131,1,False,99.92721682192264,1.0345182638575134,50,500,11000,mean_shift,2.23606797749979,1000,10
series3_comparison,mean_shift_2sigma,10,series3_comparison__mean_shift_2sigma__rep10,exp_source,mean,cusum,1,4,234,4,False,99.92721682192264,1.0345182638575134,50,500,11000,mean_shift,2.23606797749979,1000,10
series3_comparison,mean_shift_2sigma,10,series3_comparison__mean_shift_2sigma__rep10,exp_source,mean,ewma,1,1,498,1,False,99.92721682192264,1.0345182638575134,50,500,11000,mean_shift,2.23606797749979,1000,10
series3_comparison,mean_shift_2sigma,11,series3_comparison__mean_shift_2sigma__rep11,exp_source,mean,shewhart,1,1,89,1,False,99.96517304901471,1.1098839688091162,50,500,11000,mean_shift,2.23606797749979,1000,11
series3_comparison,mean_shift_2sigma,11,series3_comparison__mean_shift_2sigma__rep11,exp_source,mean,cusum,1,3,219,3,False,99.96517304901471,1.1098839688091162,50,500,11000,mean_shift,2.23606797749979,1000,11
series3_comparison,mean_shift_2sigma,11,series3_comparison__mean_shift_2sigma__rep11,exp_source,mean,ewma,1,1,499,1,False,99.96517304901471,1.1098839688091162,50,500,11000,mean_shift,2.23606797749979,1000,11
series3_comparison,mean_shift_2sigma,12,series3_comparison__mean_shift_2sigma__rep12,exp_source,mean,shewhart,1,3,42,3,False,99.94189886584942,1.2397736653937963,50,500,11000,mean_shift,2.23606797749979,1000,12
series3_comparison,mean_shift_2sigma,12,series3_comparison__mean_shift_2sigma__rep12,exp_source,mean,cusum,1,4,189,4,False,99.94189886584942,1.2397736653937963,50,500,11000,mean_shift,2.23606797749979,1000,12
series3_comparison,mean_shift_2sigma,12,series3_comparison__mean_shift_2sigma__rep12,exp_source,mean,ewma,1,3,496,3,False,99.94189886584942,1.2397736653937963,50,500,11000,mean_shift,2.23606797749979,1000,12
series3_comparison,mean_shift_2sigma,13,series3_comparison__mean_shift_2sigma__rep13,exp_source,mean,shewhart,1,4,128,4,False,99.88997431852317,1.0718920334010038,50,500,11000,mean_shift,2.23606797749979,1000,13
series3_comparison,mean_shift_2sigma,13,series3_comparison__mean_shift_2sigma__rep13,exp_source,mean,cusum,1,5,246,5,False,99.88997431852317,1.0718920334010038,50,500,11000,mean_shift,2.23606797749979,1000,13
series3_comparison,mean_shift_2sigma,13,series3_comparison__mean_shift_2sigma__rep13,exp_source,mean,ewma,1,4,497,4,False,99.88997431852317,1.0718920334010038,50,500,11000,mean_shift,2.23606797749979,1000,13
series3_comparison,mean_shift_2sigma,14,series3_comparison__mean_shift_2sigma__rep14,exp_source,mean,shewhart,1,3,144,3,False,99.55979345177367,1.124017712807007,50,500,11000,mean_shift,2.23606797749979,1000,14
series3_comparison,mean_shift_2sigma,14,series3_comparison__mean_shift_2sigma__rep14,exp_source,mean,cusum,1,3,255,3,False,99.55979345177367,1.124017712807007,50,500,11000,mean_shift,2.23606797749979,1000,14
series3_comparison,mean_shift_2sigma,14,series3_comparison__mean_shift_2sigma__rep14,exp_source,mean,ewma,1,2,499,2,False,99.55979345177367,1.124017712807007,50,500,11000,mean_shift,2.23606797749979,1000,14
series3_comparison,mean_shift_2sigma,15,series3_comparison__mean_shift_2sigma__rep15,exp_source,mean,shewhart,1,1,172,1,False,99.84693989150698,0.9383359949942928,50,500,11000,mean_shift,2.23606797749979,1000,15
series3_comparison,mean_shift_2sigma,15,series3_comparison__mean_shift_2sigma__rep15,exp_source,mean,cusum,1,2,264,2,False,99.84693989150698,0.9383359949942928,50,500,11000,mean_shift,2.23606797749979,1000,15
series3_comparison,mean_shift_2sigma,15,series3_comparison__mean_shift_2sigma__rep15,exp_source,mean,ewma,1,1,500,1,False,99.84693989150698,0.9383359949942928,50,500,11000,mean_shift,2.23606797749979,1000,15
series3_comparison,mean_shift_2sigma,16,series3_comparison__mean_shift_2sigma__rep16,exp_source,mean,shewhart,1,2,86,2,False,99.8944445108001,1.1609766801139045,50,500,11000,mean_shift,2.23606797749979,1000,16
series3_comparison,mean_shift_2sigma,16,series3_comparison__mean_shift_2sigma__rep16,exp_source,mean,cusum,1,3,223,3,False,99.8944445108001,1.1609766801139045,50,500,11000,mean_shift,2.23606797749979,1000,16
series3_comparison,mean_shift_2sigma,16,series3_comparison__mean_shift_2sigma__rep16,exp_source,mean,ewma,1,2,498,2,False,99.8944445108001,1.1609766801139045,50,500,11000,mean_shift,2.23606797749979,1000,16
series3_comparison,mean_shift_2sigma,17,series3_comparison__mean_shift_2sigma__rep17,exp_source,mean,shewhart,1,2,65,2,False,100.10721860920853,1.1249741481454434,50,500,11000,mean_shift,2.23606797749979,1000,17
series3_comparison,mean_shift_2sigma,17,series3_comparison__mean_shift_2sigma__rep17,exp_source,mean,cusum,1,5,191,5,False,100.10721860920853,1.1249741481454434,50,500,11000,mean_shift,2.23606797749979,1000,17
series3_comparison,mean_shift_2sigma,17,series3_comparison__mean_shift_2sigma__rep17,exp_source,mean,ewma,1,2,498,2,False,100.10721860920853,1.1249741481454434,50,500,11000,mean_shift,2.23606797749979,1000,17
series3_comparison,mean_shift_2sigma,18,series3_comparison__mean_shift_2sigma__rep18,exp_source,mean,shewhart,1,8,68,8,False,99.95989233433173,1.1798292977339289,50,500,11000,mean_shift,2.23606797749979,1000,18
series3_comparison,mean_shift_2sigma,18,series3_comparison__mean_shift_2sigma__rep18,exp_source,mean,cusum,1,5,205,5,False,99.95989233433173,1.1798292977339289,50,500,11000,mean_shift,2.23606797749979,1000,18
series3_comparison,mean_shift_2sigma,18,series3_comparison__mean_shift_2sigma__rep18,exp_source,mean,ewma,1,4,496,4,False,99.95989233433173,1.1798292977339289,50,500,11000,mean_shift,2.23606797749979,1000,18
series3_comparison,mean_shift_2sigma,19,series3_comparison__mean_shift_2sigma__rep19,exp_source,mean,shewhart,1,10,109,10,False,99.81569872383318,1.1115024705694336,50,500,11000,mean_shift,2.23606797749979,1000,19
series3_comparison,mean_shift_2sigma,19,series3_comparison__mean_shift_2sigma__rep19,exp_source,mean,cusum,1,4,231,4,False,99.81569872383318,1.1115024705694336,50,500,11000,mean_shift,2.23606797749979,1000,19
series3_comparison,mean_shift_2sigma,19,series3_comparison__mean_shift_2sigma__rep19,exp_source,mean,ewma,1,3,498,3,False,99.81569872383318,1.1115024705694336,50,500,11000,mean_shift,2.23606797749979,1000,19
series3_comparison,mean_shift_2sigma,20,series3_comparison__mean_shift_2sigma__rep20,exp_source,mean,shewhart,1,4,161,4,False,99.99650742530945,0.9441892164123364,50,500,11000,mean_shift,2.23606797749979,1000,20
series3_comparison,mean_shift_2sigma,20,series3_comparison__mean_shift_2sigma__rep20,exp_source,mean,cusum,1,4,253,4,False,99.99650742530945,0.9441892164123364,50,500,11000,mean_shift,2.23606797749979,1000,20
series3_comparison,mean_shift_2sigma,20,series3_comparison__mean_shift_2sigma__rep20,exp_source,mean,ewma,1,2,498,2,False,99.99650742530945,0.9441892164123364,50,500,11000,mean_shift,2.23606797749979,1000,20
series3_comparison,mean_shift_2sigma,21,series3_comparison__mean_shift_2sigma__rep21,exp_source,mean,shewhart,1,5,76,5,False,99.79729196726868,1.2131398026014617,50,500,11000,mean_shift,2.23606797749979,1000,21
series3_comparison,mean_shift_2sigma,21,series3_comparison__mean_shift_2sigma__rep21,exp_source,mean,cusum,1,3,219,3,False,99.79729196726868,1.2131398026014617,50,500,11000,mean_shift,2.23606797749979,1000,21
series3_comparison,mean_shift_2sigma,21,series3_comparison__mean_shift_2sigma__rep21,exp_source,mean,ewma,1,2,499,2,False,99.79729196726868,1.2131398026014617,50,500,11000,mean_shift,2.23606797749979,1000,21
series3_comparison,mean_shift_2sigma,22,series3_comparison__mean_shift_2sigma__rep22,exp_source,mean,shewhart,1,5,114,5,False,100.12454437642872,1.0056554942962148,50,500,11000,mean_shift,2.23606797749979,1000,22
series3_comparison,mean_shift_2sigma,22,series3_comparison__mean_shift_2sigma__rep22,exp_source,mean,cusum,1,5,217,5,False,100.12454437642872,1.0056554942962148,50,500,11000,mean_shift,2.23606797749979,1000,22
series3_comparison,mean_shift_2sigma,22,series3_comparison__mean_shift_2sigma__rep22,exp_source,mean,ewma,1,4,497,4,False,100.12454437642872,1.0056554942962148,50,500,11000,mean_shift,2.23606797749979,1000,22
series3_comparison,mean_shift_2sigma,23,series3_comparison__mean_shift_2sigma__rep23,exp_source,mean,shewhart,1,8,183,8,False,99.69386474204035,0.9641324555525874,50,500,11000,mean_shift,2.23606797749979,1000,23
series3_comparison,mean_shift_2sigma,23,series3_comparison__mean_shift_2sigma__rep23,exp_source,mean,cusum,1,4,269,4,False,99.69386474204035,0.9641324555525874,50,500,11000,mean_shift,2.23606797749979,1000,23
series3_comparison,mean_shift_2sigma,23,series3_comparison__mean_shift_2sigma__rep23,exp_source,mean,ewma,1,4,496,4,False,99.69386474204035,0.9641324555525874,50,500,11000,mean_shift,2.23606797749979,1000,23
series3_comparison,mean_shift_2sigma,24,series3_comparison__mean_shift_2sigma__rep24,exp_source,mean,shewhart,1,4,69,4,False,100.06797286564958,1.0640974125709732,50,500,11000,mean_shift,2.23606797749979,1000,24
series3_comparison,mean_shift_2sigma,24,series3_comparison__mean_shift_2sigma__rep24,exp_source,mean,cusum,1,5,207,5,False,100.06797286564958,1.0640974125709732,50,500,11000,mean_shift,2.23606797749979,1000,24
series3_comparison,mean_shift_2sigma,24,series3_comparison__mean_shift_2sigma__rep24,exp_source,mean,ewma,1,5,494,5,False,100.06797286564958,1.0640974125709732,50,500,11000,mean_shift,2.23606797749979,1000,24
series3_comparison,mean_shift_2sigma,25,series3_comparison__mean_shift_2sigma__rep25,exp_source,mean,shewhart,1,2,108,2,False,100.17906854383864,0.9913209303215682,50,500,11000,mean_shift,2.23606797749979,1000,25
series3_comparison,mean_shift_2sigma,25,series3_comparison__mean_shift_2sigma__rep25,exp_source,mean,cusum,1,5,217,5,False,100.17906854383864,0.9913209303215682,50,500,11000,mean_shift,2.23606797749979,1000,25
series3_comparison,mean_shift_2sigma,25,series3_comparison__mean_shift_2sigma__rep25,exp_source,mean,ewma,1,2,497,2,False,100.17906854383864,0.9913209303215682,50,500,11000,mean_shift,2.23606797749979,1000,25
series3_comparison,mean_shift_2sigma,26,series3_comparison__mean_shift_2sigma__rep26,exp_source,mean,shewhart,1,1,91,1,False,100.00488369541654,1.050444035758712,50,500,11000,mean_shift,2.23606797749979,1000,26
series3_comparison,mean_shift_2sigma,26,series3_comparison__mean_shift_2sigma__rep26,exp_source,mean,cusum,1,2,222,2,False,100.00488369541654,1.050444035758712,50,500,11000,mean_shift,2.23606797749979,1000,26
series3_comparison,mean_shift_2sigma,26,series3_comparison__mean_shift_2sigma__rep26,exp_source,mean,ewma,1,1,500,1,False,100.00488369541654,1.050444035758712,50,500,11000,mean_shift,2.23606797749979,1000,26
series3_comparison,mean_shift_2sigma,27,series3_comparison__mean_shift_2sigma__rep27,exp_source,mean,shewhart,1,3,62,3,False,99.96249190177936,1.1809462617789506,50,500,11000,mean_shift,2.23606797749979,1000,27
series3_comparison,mean_shift_2sigma,27,series3_comparison__mean_shift_2sigma__rep27,exp_source,mean,cusum,1,3,197,3,False,99.96249190177936,1.1809462617789506,50,500,11000,mean_shift,2.23606797749979,1000,27
series3_comparison,mean_shift_2sigma,27,series3_comparison__mean_shift_2sigma__rep27,exp_source,mean,ewma,1,3,496,3,False,99.96249190177936,1.1809462617789506,50,500,11000,mean_shift,2.23606797749979,1000,27
series3_comparison,mean_shift_2sigma,28,series3_comparison__mean_shift_2sigma__rep28,exp_source,mean,shewhart,1,2,125,2,False,99.92863985473834,1.0435859336036701,50,500,11000,mean_shift,2.23606797749979,1000,28
series3_comparison,mean_shift_2sigma,28,series3_comparison__mean_shift_2sigma__rep28,exp_source,mean,cusum,1,2,228,2,False,99.92863985473834,1.0435859336036701,50,500,11000,mean_shift,2.23606797749979,1000,28
series3_comparison,mean_shift_2sigma,28,series3_comparison__mean_shift_2sigma__rep28,exp_source,mean,ewma,1,2,499,2,False,99.92863985473834,1.0435859336036701,50,500,11000,mean_shift,2.23606797749979,1000,28
series3_comparison,mean_shift_2sigma,29,series3_comparison__mean_shift_2sigma__rep29,exp_source,mean,shewhart,1,2,73,2,False,100.09054926919646,1.151131047792022,50,500,11000,mean_shift,2.23606797749979,1000,29
series3_comparison,mean_shift_2sigma,29,series3_comparison__mean_shift_2sigma__rep29,exp_source,mean,cusum,1,3,203,3,False,100.09054926919646,1.151131047792022,50,500,11000,mean_shift,2.23606797749979,1000,29
series3_comparison,mean_shift_2sigma,29,series3_comparison__mean_shift_2sigma__rep29,exp_source,mean,ewma,1,2,499,2,False,100.09054926919646,1.151131047792022,50,500,11000,mean_shift,2.23606797749979,1000,29
series3_comparison,mean_shift_2sigma,30,series3_comparison__mean_shift_2sigma__rep30,exp_source,mean,shewhart,1,3,74,3,False,100.09172264851236,1.1417482361128974,50,500,11000,mean_shift,2.23606797749979,1000,30
series3_comparison,mean_shift_2sigma,30,series3_comparison__mean_shift_2sigma__rep30,exp_source,mean,cusum,1,4,203,4,False,100.09172264851236,1.1417482361128974,50,500,11000,mean_shift,2.23606797749979,1000,30
series3_comparison,mean_shift_2sigma,30,series3_comparison__mean_shift_2sigma__rep30,exp_source,mean,ewma,1,3,496,3,False,100.09172264851236,1.1417482361128974,50,500,11000,mean_shift,2.23606797749979,1000,30
series3_comparison,gradual_drift_fast,1,series3_comparison__gradual_drift_fast__rep01,exp_source,mean,shewhart,1,4,497,4,False,100.15509200749749,1.1599209503379697,50,500,11000,gradual_drift,0.05590169943749475,1000,10001
series3_comparison,gradual_drift_fast,1,series3_comparison__gradual_drift_fast__rep01,exp_source,mean,cusum,1,4,497,4,False,100.15509200749749,1.1599209503379697,50,500,11000,gradual_drift,0.05590169943749475,1000,10001
series3_comparison,gradual_drift_fast,1,series3_comparison__gradual_drift_fast__rep01,exp_source,mean,ewma,1,3,498,3,False,100.15509200749749,1.1599209503379697,50,500,11000,gradual_drift,0.05590169943749475,1000,10001
series3_comparison,gradual_drift_fast,2,series3_comparison__gradual_drift_fast__rep02,exp_source,mean,shewhart,1,3,498,3,False,99.99769835082357,1.1920358194734793,50,500,11000,gradual_drift,0.05590169943749475,1000,10002
series3_comparison,gradual_drift_fast,2,series3_comparison__gradual_drift_fast__rep02,exp_source,mean,cusum,1,3,498,3,False,99.99769835082357,1.1920358194734793,50,500,11000,gradual_drift,0.05590169943749475,1000,10002
series3_comparison,gradual_drift_fast,2,series3_comparison__gradual_drift_fast__rep02,exp_source,mean,ewma,1,3,498,3,False,99.99769835082357,1.1920358194734793,50,500,11000,gradual_drift,0.05590169943749475,1000,10002
series3_comparison,gradual_drift_fast,3,series3_comparison__gradual_drift_fast__rep03,exp_source,mean,shewhart,1,5,496,5,False,100.11540652577678,1.0722496843070506,50,500,11000,gradual_drift,0.05590169943749475,1000,10003
series3_comparison,gradual_drift_fast,3,series3_comparison__gradual_drift_fast__rep03,exp_source,mean,cusum,1,5,496,5,False,100.11540652577678,1.0722496843070506,50,500,11000,gradual_drift,0.05590169943749475,1000,10003
series3_comparison,gradual_drift_fast,3,series3_comparison__gradual_drift_fast__rep03,exp_source,mean,ewma,1,5,496,5,False,100.11540652577678,1.0722496843070506,50,500,11000,gradual_drift,0.05590169943749475,1000,10003
series3_comparison,gradual_drift_fast,4,series3_comparison__gradual_drift_fast__rep04,exp_source,mean,shewhart,1,4,497,4,False,99.81561223761028,1.0583501793787735,50,500,11000,gradual_drift,0.05590169943749475,1000,10004
series3_comparison,gradual_drift_fast,4,series3_comparison__gradual_drift_fast__rep04,exp_source,mean,cusum,1,4,497,4,False,99.81561223761028,1.0583501793787735,50,500,11000,gradual_drift,0.05590169943749475,1000,10004
series3_comparison,gradual_drift_fast,4,series3_comparison__gradual_drift_fast__rep04,exp_source,mean,ewma,1,4,497,4,False,99.81561223761028,1.0583501793787735,50,500,11000,gradual_drift,0.05590169943749475,1000,10004
series3_comparison,gradual_drift_fast,5,series3_comparison__gradual_drift_fast__rep05,exp_source,mean,shewhart,1,5,496,5,False,99.78691429254299,1.1062361861515766,50,500,11000,gradual_drift,0.05590169943749475,1000,10005
series3_comparison,gradual_drift_fast,5,series3_comparison__gradual_drift_fast__rep05,exp_source,mean,cusum,1,4,497,4,False,99.78691429254299,1.1062361861515766,50,500,11000,gradual_drift,0.05590169943749475,1000,10005
series3_comparison,gradual_drift_fast,5,series3_comparison__gradual_drift_fast__rep05,exp_source,mean,ewma,1,4,497,4,False,99.78691429254299,1.1062361861515766,50,500,11000,gradual_drift,0.05590169943749475,1000,10005
series3_comparison,gradual_drift_fast,6,series3_comparison__gradual_drift_fast__rep06,exp_source,mean,shewhart,1,5,496,5,False,100.04878185689454,1.0348953764256574,50,500,11000,gradual_drift,0.05590169943749475,1000,10006
series3_comparison,gradual_drift_fast,6,series3_comparison__gradual_drift_fast__rep06,exp_source,mean,cusum,1,5,496,5,False,100.04878185689454,1.0348953764256574,50,500,11000,gradual_drift,0.05590169943749475,1000,10006
series3_comparison,gradual_drift_fast,6,series3_comparison__gradual_drift_fast__rep06,exp_source,mean,ewma,1,5,496,5,False,100.04878185689454,1.0348953764256574,50,500,11000,gradual_drift,0.05590169943749475,1000,10006
series3_comparison,gradual_drift_fast,7,series3_comparison__gradual_drift_fast__rep07,exp_source,mean,shewhart,1,2,499,2,False,99.8691609934917,1.0488187467034569,50,500,11000,gradual_drift,0.05590169943749475,1000,10007
series3_comparison,gradual_drift_fast,7,series3_comparison__gradual_drift_fast__rep07,exp_source,mean,cusum,1,3,498,3,False,99.8691609934917,1.0488187467034569,50,500,11000,gradual_drift,0.05590169943749475,1000,10007
series3_comparison,gradual_drift_fast,7,series3_comparison__gradual_drift_fast__rep07,exp_source,mean,ewma,1,2,499,2,False,99.8691609934917,1.0488187467034569,50,500,11000,gradual_drift,0.05590169943749475,1000,10007
series3_comparison,gradual_drift_fast,8,series3_comparison__gradual_drift_fast__rep08,exp_source,mean,shewhart,1,5,496,5,False,100.08328116873226,1.0405224220253126,50,500,11000,gradual_drift,0.05590169943749475,1000,10008
series3_comparison,gradual_drift_fast,8,series3_comparison__gradual_drift_fast__rep08,exp_source,mean,cusum,1,4,497,4,False,100.08328116873226,1.0405224220253126,50,500,11000,gradual_drift,0.05590169943749475,1000,10008
series3_comparison,gradual_drift_fast,8,series3_comparison__gradual_drift_fast__rep08,exp_source,mean,ewma,1,4,497,4,False,100.08328116873226,1.0405224220253126,50,500,11000,gradual_drift,0.05590169943749475,1000,10008
series3_comparison,gradual_drift_fast,9,series3_comparison__gradual_drift_fast__rep09,exp_source,mean,shewhart,1,5,496,5,False,99.88913417253838,1.0750473382567864,50,500,11000,gradual_drift,0.05590169943749475,1000,10009
series3_comparison,gradual_drift_fast,9,series3_comparison__gradual_drift_fast__rep09,exp_source,mean,cusum,1,4,497,4,False,99.88913417253838,1.0750473382567864,50,500,11000,gradual_drift,0.05590169943749475,1000,10009
series3_comparison,gradual_drift_fast,9,series3_comparison__gradual_drift_fast__rep09,exp_source,mean,ewma,1,3,498,3,False,99.88913417253838,1.0750473382567864,50,500,11000,gradual_drift,0.05590169943749475,1000,10009
series3_comparison,gradual_drift_fast,10,series3_comparison__gradual_drift_fast__rep10,exp_source,mean,shewhart,1,4,497,4,False,99.99511294607152,1.1134406943371862,50,500,11000,gradual_drift,0.05590169943749475,1000,10010
series3_comparison,gradual_drift_fast,10,series3_comparison__gradual_drift_fast__rep10,exp_source,mean,cusum,1,4,497,4,False,99.99511294607152,1.1134406943371862,50,500,11000,gradual_drift,0.05590169943749475,1000,10010
series3_comparison,gradual_drift_fast,10,series3_comparison__gradual_drift_fast__rep10,exp_source,mean,ewma,1,4,497,4,False,99.99511294607152,1.1134406943371862,50,500,11000,gradual_drift,0.05590169943749475,1000,10010
series3_comparison,gradual_drift_fast,11,series3_comparison__gradual_drift_fast__rep11,exp_source,mean,shewhart,1,4,497,4,False,99.83807966079615,1.1699524639830172,50,500,11000,gradual_drift,0.05590169943749475,1000,10011
series3_comparison,gradual_drift_fast,11,series3_comparison__gradual_drift_fast__rep11,exp_source,mean,cusum,1,4,497,4,False,99.83807966079615,1.1699524639830172,50,500,11000,gradual_drift,0.05590169943749475,1000,10011
series3_comparison,gradual_drift_fast,11,series3_comparison__gradual_drift_fast__rep11,exp_source,mean,ewma,1,4,497,4,False,99.83807966079615,1.1699524639830172,50,500,11000,gradual_drift,0.05590169943749475,1000,10011
series3_comparison,gradual_drift_fast,12,series3_comparison__gradual_drift_fast__rep12,exp_source,mean,shewhart,1,3,497,3,False,99.8934148511551,1.2029400512546726,50,500,11000,gradual_drift,0.05590169943749475,1000,10012
series3_comparison,gradual_drift_fast,12,series3_comparison__gradual_drift_fast__rep12,exp_source,mean,cusum,1,3,497,3,False,99.8934148511551,1.2029400512546726,50,500,11000,gradual_drift,0.05590169943749475,1000,10012
series3_comparison,gradual_drift_fast,12,series3_comparison__gradual_drift_fast__rep12,exp_source,mean,ewma,1,3,498,3,False,99.8934148511551,1.2029400512546726,50,500,11000,gradual_drift,0.05590169943749475,1000,10012
series3_comparison,gradual_drift_fast,13,series3_comparison__gradual_drift_fast__rep13,exp_source,mean,shewhart,1,2,498,2,False,99.93939174872986,0.8938922217476438,50,500,11000,gradual_drift,0.05590169943749475,1000,10013
series3_comparison,gradual_drift_fast,13,series3_comparison__gradual_drift_fast__rep13,exp_source,mean,cusum,1,3,498,3,False,99.93939174872986,0.8938922217476438,50,500,11000,gradual_drift,0.05590169943749475,1000,10013
series3_comparison,gradual_drift_fast,13,series3_comparison__gradual_drift_fast__rep13,exp_source,mean,ewma,1,2,499,2,False,99.93939174872986,0.8938922217476438,50,500,11000,gradual_drift,0.05590169943749475,1000,10013
series3_comparison,gradual_drift_fast,14,series3_comparison__gradual_drift_fast__rep14,exp_source,mean,shewhart,1,5,496,5,False,100.11835052269005,1.2558283438105704,50,500,11000,gradual_drift,0.05590169943749475,1000,10014
series3_comparison,gradual_drift_fast,14,series3_comparison__gradual_drift_fast__rep14,exp_source,mean,cusum,1,5,496,5,False,100.11835052269005,1.2558283438105704,50,500,11000,gradual_drift,0.05590169943749475,1000,10014
series3_comparison,gradual_drift_fast,14,series3_comparison__gradual_drift_fast__rep14,exp_source,mean,ewma,1,4,497,4,False,100.11835052269005,1.2558283438105704,50,500,11000,gradual_drift,0.05590169943749475,1000,10014
series3_comparison,gradual_drift_fast,15,series3_comparison__gradual_drift_fast__rep15,exp_source,mean,shewhart,1,5,496,5,False,100.22231961860241,1.070980446468038,50,500,11000,gradual_drift,0.05590169943749475,1000,10015
series3_comparison,gradual_drift_fast,15,series3_comparison__gradual_drift_fast__rep15,exp_source,mean,cusum,1,5,496,5,False,100.22231961860241,1.070980446468038,50,500,11000,gradual_drift,0.05590169943749475,1000,10015
series3_comparison,gradual_drift_fast,15,series3_comparison__gradual_drift_fast__rep15,exp_source,mean,ewma,1,5,496,5,False,100.22231961860241,1.070980446468038,50,500,11000,gradual_drift,0.05590169943749475,1000,10015
series3_comparison,gradual_drift_fast,16,series3_comparison__gradual_drift_fast__rep16,exp_source,mean,shewhart,1,5,496,5,False,100.17501041375074,1.1065581883332514,50,500,11000,gradual_drift,0.05590169943749475,1000,10016
series3_comparison,gradual_drift_fast,16,series3_comparison__gradual_drift_fast__rep16,exp_source,mean,cusum,1,5,496,5,False,100.17501041375074,1.1065581883332514,50,500,11000,gradual_drift,0.05590169943749475,1000,10016
series3_comparison,gradual_drift_fast,16,series3_comparison__gradual_drift_fast__rep16,exp_source,mean,ewma,1,5,496,5,False,100.17501041375074,1.1065581883332514,50,500,11000,gradual_drift,0.05590169943749475,1000,10016
series3_comparison,gradual_drift_fast,17,series3_comparison__gradual_drift_fast__rep17,exp_source,mean,shewhart,1,3,498,3,False,99.7588493831008,1.2765457192005436,50,500,11000,gradual_drift,0.05590169943749475,1000,10017
series3_comparison,gradual_drift_fast,17,series3_comparison__gradual_drift_fast__rep17,exp_source,mean,cusum,1,4,497,4,False,99.7588493831008,1.2765457192005436,50,500,11000,gradual_drift,0.05590169943749475,1000,10017
series3_comparison,gradual_drift_fast,17,series3_comparison__gradual_drift_fast__rep17,exp_source,mean,ewma,1,3,498,3,False,99.7588493831008,1.2765457192005436,50,500,11000,gradual_drift,0.05590169943749475,1000,10017
series3_comparison,gradual_drift_fast,18,series3_comparison__gradual_drift_fast__rep18,exp_source,mean,shewhart,1,4,496,4,False,100.15394057780493,1.3412413968493593,50,500,11000,gradual_drift,0.05590169943749475,1000,10018
series3_comparison,gradual_drift_fast,18,series3_comparison__gradual_drift_fast__rep18,exp_source,mean,cusum,1,5,496,5,False,100.15394057780493,1.3412413968493593,50,500,11000,gradual_drift,0.05590169943749475,1000,10018
series3_comparison,gradual_drift_fast,18,series3_comparison__gradual_drift_fast__rep18,exp_source,mean,ewma,1,4,497,4,False,100.15394057780493,1.3412413968493593,50,500,11000,gradual_drift,0.05590169943749475,1000,10018
series3_comparison,gradual_drift_fast,19,series3_comparison__gradual_drift_fast__rep19,exp_source,mean,shewhart,1,4,497,4,False,99.88194755055765,1.2049202351853256,50,500,11000,gradual_drift,0.05590169943749475,1000,10019
series3_comparison,gradual_drift_fast,19,series3_comparison__gradual_drift_fast__rep19,exp_source,mean,cusum,1,4,497,4,False,99.88194755055765,1.2049202351853256,50,500,11000,gradual_drift,0.05590169943749475,1000,10019
series3_comparison,gradual_drift_fast,19,series3_comparison__gradual_drift_fast__rep19,exp_source,mean,ewma,1,3,498,3,False,99.88194755055765,1.2049202351853256,50,500,11000,gradual_drift,0.05590169943749475,1000,10019
series3_comparison,gradual_drift_fast,20,series3_comparison__gradual_drift_fast__rep20,exp_source,mean,shewhart,1,3,498,3,False,99.98161997289017,1.0909756491974496,50,500,11000,gradual_drift,0.05590169943749475,1000,10020
series3_comparison,gradual_drift_fast,20,series3_comparison__gradual_drift_fast__rep20,exp_source,mean,cusum,1,4,497,4,False,99.98161997289017,1.0909756491974496,50,500,11000,gradual_drift,0.05590169943749475,1000,10020
series3_comparison,gradual_drift_fast,20,series3_comparison__gradual_drift_fast__rep20,exp_source,mean,ewma,1,4,497,4,False,99.98161997289017,1.0909756491974496,50,500,11000,gradual_drift,0.05590169943749475,1000,10020
series3_comparison,gradual_drift_fast,21,series3_comparison__gradual_drift_fast__rep21,exp_source,mean,shewhart,1,4,497,4,False,100.1503805810692,0.8945437573910735,50,500,11000,gradual_drift,0.05590169943749475,1000,10021
series3_comparison,gradual_drift_fast,21,series3_comparison__gradual_drift_fast__rep21,exp_source,mean,cusum,1,4,497,4,False,100.1503805810692,0.8945437573910735,50,500,11000,gradual_drift,0.05590169943749475,1000,10021
series3_comparison,gradual_drift_fast,21,series3_comparison__gradual_drift_fast__rep21,exp_source,mean,ewma,1,4,497,4,False,100.1503805810692,0.8945437573910735,50,500,11000,gradual_drift,0.05590169943749475,1000,10021
series3_comparison,gradual_drift_fast,22,series3_comparison__gradual_drift_fast__rep22,exp_source,mean,shewhart,1,4,497,4,False,99.8191487819793,1.1167865672250592,50,500,11000,gradual_drift,0.05590169943749475,1000,10022
series3_comparison,gradual_drift_fast,22,series3_comparison__gradual_drift_fast__rep22,exp_source,mean,cusum,1,5,496,5,False,99.8191487819793,1.1167865672250592,50,500,11000,gradual_drift,0.05590169943749475,1000,10022
series3_comparison,gradual_drift_fast,22,series3_comparison__gradual_drift_fast__rep22,exp_source,mean,ewma,1,4,497,4,False,99.8191487819793,1.1167865672250592,50,500,11000,gradual_drift,0.05590169943749475,1000,10022
series3_comparison,gradual_drift_fast,23,series3_comparison__gradual_drift_fast__rep23,exp_source,mean,shewhart,1,3,498,3,False,99.86517845117362,1.026068686175149,50,500,11000,gradual_drift,0.05590169943749475,1000,10023
series3_comparison,gradual_drift_fast,23,series3_comparison__gradual_drift_fast__rep23,exp_source,mean,cusum,1,3,498,3,False,99.86517845117362,1.026068686175149,50,500,11000,gradual_drift,0.05590169943749475,1000,10023
series3_comparison,gradual_drift_fast,23,series3_comparison__gradual_drift_fast__rep23,exp_source,mean,ewma,1,2,499,2,False,99.86517845117362,1.026068686175149,50,500,11000,gradual_drift,0.05590169943749475,1000,10023
series3_comparison,gradual_drift_fast,24,series3_comparison__gradual_drift_fast__rep24,exp_source,mean,shewhart,1,4,497,4,False,99.9976582311733,1.0716508017132156,50,500,11000,gradual_drift,0.05590169943749475,1000,10024
series3_comparison,gradual_drift_fast,24,series3_comparison__gradual_drift_fast__rep24,exp_source,mean,cusum,1,4,497,4,False,99.9976582311733,1.0716508017132156,50,500,11000,gradual_drift,0.05590169943749475,1000,10024
series3_comparison,gradual_drift_fast,24,series3_comparison__gradual_drift_fast__rep24,exp_source,mean,ewma,1,4,497,4,False,99.9976582311733,1.0716508017132156,50,500,11000,gradual_drift,0.05590169943749475,1000,10024
series3_comparison,gradual_drift_fast,25,series3_comparison__gradual_drift_fast__rep25,exp_source,mean,shewhart,1,2,499,2,False,100.08740072314426,1.0639416936626211,50,500,11000,gradual_drift,0.05590169943749475,1000,10025
series3_comparison,gradual_drift_fast,25,series3_comparison__gradual_drift_fast__rep25,exp_source,mean,cusum,1,3,498,3,False,100.08740072314426,1.0639416936626211,50,500,11000,gradual_drift,0.05590169943749475,1000,10025
series3_comparison,gradual_drift_fast,25,series3_comparison__gradual_drift_fast__rep25,exp_source,mean,ewma,1,3,498,3,False,100.08740072314426,1.0639416936626211,50,500,11000,gradual_drift,0.05590169943749475,1000,10025
series3_comparison,gradual_drift_fast,26,series3_comparison__gradual_drift_fast__rep26,exp_source,mean,shewhart,1,4,497,4,False,99.87352857217307,1.1853390647602524,50,500,11000,gradual_drift,0.05590169943749475,1000,10026
series3_comparison,gradual_drift_fast,26,series3_comparison__gradual_drift_fast__rep26,exp_source,mean,cusum,1,4,497,4,False,99.87352857217307,1.1853390647602524,50,500,11000,gradual_drift,0.05590169943749475,1000,10026
series3_comparison,gradual_drift_fast,26,series3_comparison__gradual_drift_fast__rep26,exp_source,mean,ewma,1,4,497,4,False,99.87352857217307,1.1853390647602524,50,500,11000,gradual_drift,0.05590169943749475,1000,10026
series3_comparison,gradual_drift_fast,27,series3_comparison__gradual_drift_fast__rep27,exp_source,mean,shewhart,1,4,497,4,False,99.87573178052176,0.9851641192439007,50,500,11000,gradual_drift,0.05590169943749475,1000,10027
series3_comparison,gradual_drift_fast,27,series3_comparison__gradual_drift_fast__rep27,exp_source,mean,cusum,1,4,497,4,False,99.87573178052176,0.9851641192439007,50,500,11000,gradual_drift,0.05590169943749475,1000,10027
series3_comparison,gradual_drift_fast,27,series3_comparison__gradual_drift_fast__rep27,exp_source,mean,ewma,1,4,497,4,False,99.87573178052176,0.9851641192439007,50,500,11000,gradual_drift,0.05590169943749475,1000,10027
series3_comparison,gradual_drift_fast,28,series3_comparison__gradual_drift_fast__rep28,exp_source,mean,shewhart,1,3,498,3,False,100.17876480182846,1.187621611530854,50,500,11000,gradual_drift,0.05590169943749475,1000,10028
series3_comparison,gradual_drift_fast,28,series3_comparison__gradual_drift_fast__rep28,exp_source,mean,cusum,1,4,497,4,False,100.17876480182846,1.187621611530854,50,500,11000,gradual_drift,0.05590169943749475,1000,10028
series3_comparison,gradual_drift_fast,28,series3_comparison__gradual_drift_fast__rep28,exp_source,mean,ewma,1,4,497,4,False,100.17876480182846,1.187621611530854,50,500,11000,gradual_drift,0.05590169943749475,1000,10028
series3_comparison,gradual_drift_fast,29,series3_comparison__gradual_drift_fast__rep29,exp_source,mean,shewhart,1,3,497,3,False,99.98024653227563,1.095661561313464,50,500,11000,gradual_drift,0.05590169943749475,1000,10029
series3_comparison,gradual_drift_fast,29,series3_comparison__gradual_drift_fast__rep29,exp_source,mean,cusum,1,4,497,4,False,99.98024653227563,1.095661561313464,50,500,11000,gradual_drift,0.05590169943749475,1000,10029
series3_comparison,gradual_drift_fast,29,series3_comparison__gradual_drift_fast__rep29,exp_source,mean,ewma,1,3,498,3,False,99.98024653227563,1.095661561313464,50,500,11000,gradual_drift,0.05590169943749475,1000,10029
series3_comparison,gradual_drift_fast,30,series3_comparison__gradual_drift_fast__rep30,exp_source,mean,shewhart,1,4,497,4,False,99.77591924281771,0.9975594209161815,50,500,11000,gradual_drift,0.05590169943749475,1000,10030
series3_comparison,gradual_drift_fast,30,series3_comparison__gradual_drift_fast__rep30,exp_source,mean,cusum,1,4,497,4,False,99.77591924281771,0.9975594209161815,50,500,11000,gradual_drift,0.05590169943749475,1000,10030
series3_comparison,gradual_drift_fast,30,series3_comparison__gradual_drift_fast__rep30,exp_source,mean,ewma,1,4,497,4,False,99.77591924281771,0.9975594209161815,50,500,11000,gradual_drift,0.05590169943749475,1000,10030
series3_comparison,gradual_drift_slow,1,series3_comparison__gradual_drift_slow__rep01,exp_source,mean,shewhart,1,13,470,13,False,99.86601834074666,1.1462240769252878,50,500,11000,gradual_drift,0.005590169943749474,1000,20001
series3_comparison,gradual_drift_slow,1,series3_comparison__gradual_drift_slow__rep01,exp_source,mean,cusum,1,8,476,8,False,99.86601834074666,1.1462240769252878,50,500,11000,gradual_drift,0.005590169943749474,1000,20001
series3_comparison,gradual_drift_slow,1,series3_comparison__gradual_drift_slow__rep01,exp_source,mean,ewma,1,8,490,8,False,99.86601834074666,1.1462240769252878,50,500,11000,gradual_drift,0.005590169943749474,1000,20001
series3_comparison,gradual_drift_slow,2,series3_comparison__gradual_drift_slow__rep02,exp_source,mean,shewhart,1,15,467,15,False,99.81126501383561,1.2922045583601696,50,500,11000,gradual_drift,0.005590169943749474,1000,20002
series3_comparison,gradual_drift_slow,2,series3_comparison__gradual_drift_slow__rep02,exp_source,mean,cusum,1,11,474,11,False,99.81126501383561,1.2922045583601696,50,500,11000,gradual_drift,0.005590169943749474,1000,20002
series3_comparison,gradual_drift_slow,2,series3_comparison__gradual_drift_slow__rep02,exp_source,mean,ewma,1,12,488,12,False,99.81126501383561,1.2922045583601696,50,500,11000,gradual_drift,0.005590169943749474,1000,20002
series3_comparison,gradual_drift_slow,3,series3_comparison__gradual_drift_slow__rep03,exp_source,mean,shewhart,1,14,472,14,False,99.95061487152876,1.014754556724042,50,500,11000,gradual_drift,0.005590169943749474,1000,20003
series3_comparison,gradual_drift_slow,3,series3_comparison__gradual_drift_slow__rep03,exp_source,mean,cusum,1,15,475,15,False,99.95061487152876,1.014754556724042,50,500,11000,gradual_drift,0.005590169943749474,1000,20003
series3_comparison,gradual_drift_slow,3,series3_comparison__gradual_drift_slow__rep03,exp_source,mean,ewma,1,14,486,14,False,99.95061487152876,1.014754556724042,50,500,11000,gradual_drift,0.005590169943749474,1000,20003
series3_comparison,gradual_drift_slow,4,series3_comparison__gradual_drift_slow__rep04,exp_source,mean,shewhart,1,8,472,8,False,100.00150388006477,1.1360030445797584,50,500,11000,gradual_drift,0.005590169943749474,1000,20004
series3_comparison,gradual_drift_slow,4,series3_comparison__gradual_drift_slow__rep04,exp_source,mean,cusum,1,11,476,11,False,100.00150388006477,1.1360030445797584,50,500,11000,gradual_drift,0.005590169943749474,1000,20004
series3_comparison,gradual_drift_slow,4,series3_comparison__gradual_drift_slow__rep04,exp_source,mean,ewma,1,16,485,16,False,100.00150388006477,1.1360030445797584,50,500,11000,gradual_drift,0.005590169943749474,1000,20004
series3_comparison,gradual_drift_slow,5,series3_comparison__gradual_drift_slow__rep05,exp_source,mean,shewhart,1,12,467,12,False,100.2004016604808,1.2102921217280043,50,500,11000,gradual_drift,0.005590169943749474,1000,20005
series3_comparison,gradual_drift_slow,5,series3_comparison__gradual_drift_slow__rep05,exp_source,mean,cusum,1,19,471,19,False,100.2004016604808,1.2102921217280043,50,500,11000,gradual_drift,0.005590169943749474,1000,20005
series3_comparison,gradual_drift_slow,5,series3_comparison__gradual_drift_slow__rep05,exp_source,mean,ewma,1,20,478,20,False,100.2004016604808,1.2102921217280043,50,500,11000,gradual_drift,0.005590169943749474,1000,20005
series3_comparison,gradual_drift_slow,6,series3_comparison__gradual_drift_slow__rep06,exp_source,mean,shewhart,1,23,472,23,False,99.70629370168356,1.1325856004441224,50,500,11000,gradual_drift,0.005590169943749474,1000,20006
series3_comparison,gradual_drift_slow,6,series3_comparison__gradual_drift_slow__rep06,exp_source,mean,cusum,1,17,477,17,False,99.70629370168356,1.1325856004441224,50,500,11000,gradual_drift,0.005590169943749474,1000,20006
series3_comparison,gradual_drift_slow,6,series3_comparison__gradual_drift_slow__rep06,exp_source,mean,ewma,1,15,485,15,False,99.70629370168356,1.1325856004441224,50,500,11000,gradual_drift,0.005590169943749474,1000,20006
series3_comparison,gradual_drift_slow,7,series3_comparison__gradual_drift_slow__rep07,exp_source,mean,shewhart,1,16,476,16,False,99.92958016575523,0.9680243967609841,50,500,11000,gradual_drift,0.005590169943749474,1000,20007
series3_comparison,gradual_drift_slow,7,series3_comparison__gradual_drift_slow__rep07,exp_source,mean,cusum,1,13,478,13,False,99.92958016575523,0.9680243967609841,50,500,11000,gradual_drift,0.005590169943749474,1000,20007
series3_comparison,gradual_drift_slow,7,series3_comparison__gradual_drift_slow__rep07,exp_source,mean,ewma,1,11,490,11,False,99.92958016575523,0.9680243967609841,50,500,11000,gradual_drift,0.005590169943749474,1000,20007
series3_comparison,gradual_drift_slow,8,series3_comparison__gradual_drift_slow__rep08,exp_source,mean,shewhart,1,14,475,14,False,100.05952913263029,0.8991252253413965,50,500,11000,gradual_drift,0.005590169943749474,1000,20008
series3_comparison,gradual_drift_slow,8,series3_comparison__gradual_drift_slow__rep08,exp_source,mean,cusum,1,10,480,10,False,100.05952913263029,0.8991252253413965,50,500,11000,gradual_drift,0.005590169943749474,1000,20008
series3_comparison,gradual_drift_slow,8,series3_comparison__gradual_drift_slow__rep08,exp_source,mean,ewma,1,10,488,10,False,100.05952913263029,0.8991252253413965,50,500,11000,gradual_drift,0.005590169943749474,1000,20008
series3_comparison,gradual_drift_slow,9,series3_comparison__gradual_drift_slow__rep09,exp_source,mean,shewhart,1,19,468,19,False,100.12924340327021,1.161348014938289,50,500,11000,gradual_drift,0.005590169943749474,1000,20009
series3_comparison,gradual_drift_slow,9,series3_comparison__gradual_drift_slow__rep09,exp_source,mean,cusum,1,19,472,19,False,100.12924340327021,1.161348014938289,50,500,11000,gradual_drift,0.005590169943749474,1000,20009
series3_comparison,gradual_drift_slow,9,series3_comparison__gradual_drift_slow__rep09,exp_source,mean,ewma,1,19,482,19,False,100.12924340327021,1.161348014938289,50,500,11000,gradual_drift,0.005590169943749474,1000,20009
series3_comparison,gradual_drift_slow,10,series3_comparison__gradual_drift_slow__rep10,exp_source,mean,shewhart,1,25,467,25,False,100.01661769788512,1.1164119108284487,50,500,11000,gradual_drift,0.005590169943749474,1000,20010
series3_comparison,gradual_drift_slow,10,series3_comparison__gradual_drift_slow__rep10,exp_source,mean,cusum,1,18,473,18,False,100.01661769788512,1.1164119108284487,50,500,11000,gradual_drift,0.005590169943749474,1000,20010
series3_comparison,gradual_drift_slow,10,series3_comparison__gradual_drift_slow__rep10,exp_source,mean,ewma,1,18,483,18,False,100.01661769788512,1.1164119108284487,50,500,11000,gradual_drift,0.005590169943749474,1000,20010
series3_comparison,gradual_drift_slow,11,series3_comparison__gradual_drift_slow__rep11,exp_source,mean,shewhart,1,15,472,15,False,100.16392089714728,1.1559569516807136,50,500,11000,gradual_drift,0.005590169943749474,1000,20011
series3_comparison,gradual_drift_slow,11,series3_comparison__gradual_drift_slow__rep11,exp_source,mean,cusum,1,15,475,15,False,100.16392089714728,1.1559569516807136,50,500,11000,gradual_drift,0.005590169943749474,1000,20011
series3_comparison,gradual_drift_slow,11,series3_comparison__gradual_drift_slow__rep11,exp_source,mean,ewma,1,15,486,15,False,100.16392089714728,1.1559569516807136,50,500,11000,gradual_drift,0.005590169943749474,1000,20011
series3_comparison,gradual_drift_slow,12,series3_comparison__gradual_drift_slow__rep12,exp_source,mean,shewhart,1,13,471,13,False,99.64592139874854,1.0552122162800737,50,500,11000,gradual_drift,0.005590169943749474,1000,20012
series3_comparison,gradual_drift_slow,12,series3_comparison__gradual_drift_slow__rep12,exp_source,mean,cusum,1,11,476,11,False,99.64592139874854,1.0552122162800737,50,500,11000,gradual_drift,0.005590169943749474,1000,20012
series3_comparison,gradual_drift_slow,12,series3_comparison__gradual_drift_slow__rep12,exp_source,mean,ewma,1,11,490,11,False,99.64592139874854,1.0552122162800737,50,500,11000,gradual_drift,0.005590169943749474,1000,20012
series3_comparison,gradual_drift_slow,13,series3_comparison__gradual_drift_slow__rep13,exp_source,mean,shewhart,1,4,467,4,False,100.11960242773888,1.14388817657024,50,500,11000,gradual_drift,0.005590169943749474,1000,20013
series3_comparison,gradual_drift_slow,13,series3_comparison__gradual_drift_slow__rep13,exp_source,mean,cusum,1,17,473,17,False,100.11960242773888,1.14388817657024,50,500,11000,gradual_drift,0.005590169943749474,1000,20013
series3_comparison,gradual_drift_slow,13,series3_comparison__gradual_drift_slow__rep13,exp_source,mean,ewma,1,17,482,17,False,100.11960242773888,1.14388817657024,50,500,11000,gradual_drift,0.005590169943749474,1000,20013
series3_comparison,gradual_drift_slow,14,series3_comparison__gradual_drift_slow__rep14,exp_source,mean,shewhart,1,29,466,29,False,100.16014971706277,1.1245462578557186,50,500,11000,gradual_drift,0.005590169943749474,1000,20014
series3_comparison,gradual_drift_slow,14,series3_comparison__gradual_drift_slow__rep14,exp_source,mean,cusum,1,13,474,13,False,100.16014971706277,1.1245462578557186,50,500,11000,gradual_drift,0.005590169943749474,1000,20014
series3_comparison,gradual_drift_slow,14,series3_comparison__gradual_drift_slow__rep14,exp_source,mean,ewma,1,16,485,16,False,100.16014971706277,1.1245462578557186,50,500,11000,gradual_drift,0.005590169943749474,1000,20014
series3_comparison,gradual_drift_slow,15,series3_comparison__gradual_drift_slow__rep15,exp_source,mean,shewhart,1,22,466,22,False,100.26532816326085,1.242754136501233,50,500,11000,gradual_drift,0.005590169943749474,1000,20015
series3_comparison,gradual_drift_slow,15,series3_comparison__gradual_drift_slow__rep15,exp_source,mean,cusum,1,20,473,20,False,100.26532816326085,1.242754136501233,50,500,11000,gradual_drift,0.005590169943749474,1000,20015
series3_comparison,gradual_drift_slow,15,series3_comparison__gradual_drift_slow__rep15,exp_source,mean,ewma,1,21,480,21,False,100.26532816326085,1.242754136501233,50,500,11000,gradual_drift,0.005590169943749474,1000,20015
series3_comparison,gradual_drift_slow,16,series3_comparison__gradual_drift_slow__rep16,exp_source,mean,shewhart,1,16,473,16,False,99.99418108792234,1.0741523890799343,50,500,11000,gradual_drift,0.005590169943749474,1000,20016
series3_comparison,gradual_drift_slow,16,series3_comparison__gradual_drift_slow__rep16,exp_source,mean,cusum,1,12,477,12,False,99.99418108792234,1.0741523890799343,50,500,11000,gradual_drift,0.005590169943749474,1000,20016
series3_comparison,gradual_drift_slow,16,series3_comparison__gradual_drift_slow__rep16,exp_source,mean,ewma,1,11,489,11,False,99.99418108792234,1.0741523890799343,50,500,11000,gradual_drift,0.005590169943749474,1000,20016
series3_comparison,gradual_drift_slow,17,series3_comparison__gradual_drift_slow__rep17,exp_source,mean,shewhart,1,29,465,29,False,100.1275013989495,1.202217482315618,50,500,11000,gradual_drift,0.005590169943749474,1000,20017
series3_comparison,gradual_drift_slow,17,series3_comparison__gradual_drift_slow__rep17,exp_source,mean,cusum,1,12,474,12,False,100.1275013989495,1.202217482315618,50,500,11000,gradual_drift,0.005590169943749474,1000,20017
series3_comparison,gradual_drift_slow,17,series3_comparison__gradual_drift_slow__rep17,exp_source,mean,ewma,1,12,489,12,False,100.1275013989495,1.202217482315618,50,500,11000,gradual_drift,0.005590169943749474,1000,20017
series3_comparison,gradual_drift_slow,18,series3_comparison__gradual_drift_slow__rep18,exp_source,mean,shewhart,1,23,471,23,False,100.1445440362451,1.0821082727028564,50,500,11000,gradual_drift,0.005590169943749474,1000,20018
series3_comparison,gradual_drift_slow,18,series3_comparison__gradual_drift_slow__rep18,exp_source,mean,cusum,1,14,475,14,False,100.1445440362451,1.0821082727028564,50,500,11000,gradual_drift,0.005590169943749474,1000,20018
series3_comparison,gradual_drift_slow,18,series3_comparison__gradual_drift_slow__rep18,exp_source,mean,ewma,1,14,487,14,False,100.1445440362451,1.0821082727028564,50,500,11000,gradual_drift,0.005590169943749474,1000,20018
series3_comparison,gradual_drift_slow,19,series3_comparison__gradual_drift_slow__rep19,exp_source,mean,shewhart,1,26,471,26,False,100.23083008674608,0.9566348317399872,50,500,11000,gradual_drift,0.005590169943749474,1000,20019
series3_comparison,gradual_drift_slow,19,series3_comparison__gradual_drift_slow__rep19,exp_source,mean,cusum,1,18,475,18,False,100.23083008674608,0.9566348317399872,50,500,11000,gradual_drift,0.005590169943749474,1000,20019
series3_comparison,gradual_drift_slow,19,series3_comparison__gradual_drift_slow__rep19,exp_source,mean,ewma,1,17,484,17,False,100.23083008674608,0.9566348317399872,50,500,11000,gradual_drift,0.005590169943749474,1000,20019
series3_comparison,gradual_drift_slow,20,series3_comparison__gradual_drift_slow__rep20,exp_source,mean,shewhart,1,12,467,12,False,100.15189808633748,1.1167366649806327,50,500,11000,gradual_drift,0.005590169943749474,1000,20020
series3_comparison,gradual_drift_slow,20,series3_comparison__gradual_drift_slow__rep20,exp_source,mean,cusum,1,13,472,13,False,100.15189808633748,1.1167366649806327,50,500,11000,gradual_drift,0.005590169943749474,1000,20020
series3_comparison,gradual_drift_slow,20,series3_comparison__gradual_drift_slow__rep20,exp_source,mean,ewma,1,13,487,13,False,100.15189808633748,1.1167366649806327,50,500,11000,gradual_drift,0.005590169943749474,1000,20020
series3_comparison,gradual_drift_slow,21,series3_comparison__gradual_drift_slow__rep21,exp_source,mean,shewhart,1,8,474,8,False,99.66968438926273,1.0941405924591312,50,500,11000,gradual_drift,0.005590169943749474,1000,20021
series3_comparison,gradual_drift_slow,21,series3_comparison__gradual_drift_slow__rep21,exp_source,mean,cusum,1,8,477,8,False,99.66968438926273,1.0941405924591312,50,500,11000,gradual_drift,0.005590169943749474,1000,20021
series3_comparison,gradual_drift_slow,21,series3_comparison__gradual_drift_slow__rep21,exp_source,mean,ewma,1,8,492,8,False,99.66968438926273,1.0941405924591312,50,500,11000,gradual_drift,0.005590169943749474,1000,20021
series3_comparison,gradual_drift_slow,22,series3_comparison__gradual_drift_slow__rep22,exp_source,mean,shewhart,1,19,475,19,False,100.14381405297931,1.0992161967355538,50,500,11000,gradual_drift,0.005590169943749474,1000,20022
series3_comparison,gradual_drift_slow,22,series3_comparison__gradual_drift_slow__rep22,exp_source,mean,cusum,1,14,478,14,False,100.14381405297931,1.0992161967355538,50,500,11000,gradual_drift,0.005590169943749474,1000,20022
series3_comparison,gradual_drift_slow,22,series3_comparison__gradual_drift_slow__rep22,exp_source,mean,ewma,1,14,487,14,False,100.14381405297931,1.0992161967355538,50,500,11000,gradual_drift,0.005590169943749474,1000,20022
series3_comparison,gradual_drift_slow,23,series3_comparison__gradual_drift_slow__rep23,exp_source,mean,shewhart,1,15,471,15,False,100.04270327210445,1.1551949906915449,50,500,11000,gradual_drift,0.005590169943749474,1000,20023
series3_comparison,gradual_drift_slow,23,series3_comparison__gradual_drift_slow__rep23,exp_source,mean,cusum,1,13,476,13,False,100.04270327210445,1.1551949906915449,50,500,11000,gradual_drift,0.005590169943749474,1000,20023
series3_comparison,gradual_drift_slow,23,series3_comparison__gradual_drift_slow__rep23,exp_source,mean,ewma,1,13,488,13,False,100.04270327210445,1.1551949906915449,50,500,11000,gradual_drift,0.005590169943749474,1000,20023
series3_comparison,gradual_drift_slow,24,series3_comparison__gradual_drift_slow__rep24,exp_source,mean,shewhart,1,5,474,5,False,100.14284724199327,1.0493610708147723,50,500,11000,gradual_drift,0.005590169943749474,1000,20024
series3_comparison,gradual_drift_slow,24,series3_comparison__gradual_drift_slow__rep24,exp_source,mean,cusum,1,5,480,5,False,100.14284724199327,1.0493610708147723,50,500,11000,gradual_drift,0.005590169943749474,1000,20024
series3_comparison,gradual_drift_slow,24,series3_comparison__gradual_drift_slow__rep24,exp_source,mean,ewma,1,5,494,5,False,100.14284724199327,1.0493610708147723,50,500,11000,gradual_drift,0.005590169943749474,1000,20024
series3_comparison,gradual_drift_slow,25,series3_comparison__gradual_drift_slow__rep25,exp_source,mean,shewhart,1,11,478,11,False,100.0301289918307,0.8704594594011663,50,500,11000,gradual_drift,0.005590169943749474,1000,20025
series3_comparison,gradual_drift_slow,25,series3_comparison__gradual_drift_slow__rep25,exp_source,mean,cusum,1,11,482,11,False,100.0301289918307,0.8704594594011663,50,500,11000,gradual_drift,0.005590169943749474,1000,20025
series3_comparison,gradual_drift_slow,25,series3_comparison__gradual_drift_slow__rep25,exp_source,mean,ewma,1,11,490,11,False,100.0301289918307,0.8704594594011663,50,500,11000,gradual_drift,0.005590169943749474,1000,20025
series3_comparison,gradual_drift_slow,26,series3_comparison__gradual_drift_slow__rep26,exp_source,mean,shewhart,1,13,467,13,False,100.12112863510883,1.202983844843687,50,500,11000,gradual_drift,0.005590169943749474,1000,20026
series3_comparison,gradual_drift_slow,26,series3_comparison__gradual_drift_slow__rep26,exp_source,mean,cusum,1,14,473,14,False,100.12112863510883,1.202983844843687,50,500,11000,gradual_drift,0.005590169943749474,1000,20026
series3_comparison,gradual_drift_slow,26,series3_comparison__gradual_drift_slow__rep26,exp_source,mean,ewma,1,13,488,13,False,100.12112863510883,1.202983844843687,50,500,11000,gradual_drift,0.005590169943749474,1000,20026
series3_comparison,gradual_drift_slow,27,series3_comparison__gradual_drift_slow__rep27,exp_source,mean,shewhart,1,18,470,18,False,100.15594593571677,1.0637309924796612,50,500,11000,gradual_drift,0.005590169943749474,1000,20027
series3_comparison,gradual_drift_slow,27,series3_comparison__gradual_drift_slow__rep27,exp_source,mean,cusum,1,15,475,15,False,100.15594593571677,1.0637309924796612,50,500,11000,gradual_drift,0.005590169943749474,1000,20027
series3_comparison,gradual_drift_slow,27,series3_comparison__gradual_drift_slow__rep27,exp_source,mean,ewma,1,16,485,16,False,100.15594593571677,1.0637309924796612,50,500,11000,gradual_drift,0.005590169943749474,1000,20027
series3_comparison,gradual_drift_slow,28,series3_comparison__gradual_drift_slow__rep28,exp_source,mean,shewhart,1,27,467,27,False,100.13857921498234,1.1403212641556815,50,500,11000,gradual_drift,0.005590169943749474,1000,20028
series3_comparison,gradual_drift_slow,28,series3_comparison__gradual_drift_slow__rep28,exp_source,mean,cusum,1,16,473,16,False,100.13857921498234,1.1403212641556815,50,500,11000,gradual_drift,0.005590169943749474,1000,20028
series3_comparison,gradual_drift_slow,28,series3_comparison__gradual_drift_slow__rep28,exp_source,mean,ewma,1,17,477,17,False,100.13857921498234,1.1403212641556815,50,500,11000,gradual_drift,0.005590169943749474,1000,20028
series3_comparison,gradual_drift_slow,29,series3_comparison__gradual_drift_slow__rep29,exp_source,mean,shewhart,1,24,460,24,False,100.1908980220972,1.3513508527796263,50,500,11000,gradual_drift,0.005590169943749474,1000,20029
series3_comparison,gradual_drift_slow,29,series3_comparison__gradual_drift_slow__rep29,exp_source,mean,cusum,1,19,469,19,False,100.1908980220972,1.3513508527796263,50,500,11000,gradual_drift,0.005590169943749474,1000,20029
series3_comparison,gradual_drift_slow,29,series3_comparison__gradual_drift_slow__rep29,exp_source,mean,ewma,1,18,483,18,False,100.1908980220972,1.3513508527796263,50,500,11000,gradual_drift,0.005590169943749474,1000,20029
series3_comparison,gradual_drift_slow,30,series3_comparison__gradual_drift_slow__rep30,exp_source,mean,shewhart,1,21,468,21,False,100.17128454572598,1.0435263553368221,50,500,11000,gradual_drift,0.005590169943749474,1000,20030
series3_comparison,gradual_drift_slow,30,series3_comparison__gradual_drift_slow__rep30,exp_source,mean,cusum,1,19,472,19,False,100.17128454572598,1.0435263553368221,50,500,11000,gradual_drift,0.005590169943749474,1000,20030
series3_comparison,gradual_drift_slow,30,series3_comparison__gradual_drift_slow__rep30,exp_source,mean,ewma,1,19,482,19,False,100.17128454572598,1.0435263553368221,50,500,11000,gradual_drift,0.005590169943749474,1000,20030
series3_comparison,variance_doubling,1,series3_comparison__variance_doubling__rep01,exp_source,std,shewhart,1,4,200,4,False,4.99311402542292,0.7769073204502597,50,500,11000,variance,5.0,1000,30001
series3_comparison,variance_doubling,1,series3_comparison__variance_doubling__rep01,exp_source,std,cusum,1,4,266,4,False,4.99311402542292,0.7769073204502597,50,500,11000,variance,5.0,1000,30001
series3_comparison,variance_doubling,1,series3_comparison__variance_doubling__rep01,exp_source,std,ewma,1,3,498,3,False,4.99311402542292,0.7769073204502597,50,500,11000,variance,5.0,1000,30001
series3_comparison,variance_doubling,2,series3_comparison__variance_doubling__rep02,exp_source,std,shewhart,1,5,221,5,False,5.051658328746115,0.6915972386407754,50,500,11000,variance,5.0,1000,30002
series3_comparison,variance_doubling,2,series3_comparison__variance_doubling__rep02,exp_source,std,cusum,1,4,275,4,False,5.051658328746115,0.6915972386407754,50,500,11000,variance,5.0,1000,30002
series3_comparison,variance_doubling,2,series3_comparison__variance_doubling__rep02,exp_source,std,ewma,1,3,498,3,False,5.051658328746115,0.6915972386407754,50,500,11000,variance,5.0,1000,30002
series3_comparison,variance_doubling,3,series3_comparison__variance_doubling__rep03,exp_source,std,shewhart,1,2,209,2,False,4.867005818997588,0.7803132504979787,50,500,11000,variance,5.0,1000,30003
series3_comparison,variance_doubling,3,series3_comparison__variance_doubling__rep03,exp_source,std,cusum,1,4,277,4,False,4.867005818997588,0.7803132504979787,50,500,11000,variance,5.0,1000,30003
series3_comparison,variance_doubling,3,series3_comparison__variance_doubling__rep03,exp_source,std,ewma,1,3,498,3,False,4.867005818997588,0.7803132504979787,50,500,11000,variance,5.0,1000,30003
series3_comparison,variance_doubling,4,series3_comparison__variance_doubling__rep04,exp_source,std,shewhart,1,1,142,1,False,4.965000892611033,0.9075784869869861,50,500,11000,variance,5.0,1000,30004
series3_comparison,variance_doubling,4,series3_comparison__variance_doubling__rep04,exp_source,std,cusum,1,4,233,4,False,4.965000892611033,0.9075784869869861,50,500,11000,variance,5.0,1000,30004
series3_comparison,variance_doubling,4,series3_comparison__variance_doubling__rep04,exp_source,std,ewma,1,1,498,1,False,4.965000892611033,0.9075784869869861,50,500,11000,variance,5.0,1000,30004
series3_comparison,variance_doubling,5,series3_comparison__variance_doubling__rep05,exp_source,std,shewhart,1,4,147,4,False,4.920372580565172,0.884472523776635,50,500,11000,variance,5.0,1000,30005
series3_comparison,variance_doubling,5,series3_comparison__variance_doubling__rep05,exp_source,std,cusum,1,4,235,4,False,4.920372580565172,0.884472523776635,50,500,11000,variance,5.0,1000,30005
series3_comparison,variance_doubling,5,series3_comparison__variance_doubling__rep05,exp_source,std,ewma,1,4,497,4,False,4.920372580565172,0.884472523776635,50,500,11000,variance,5.0,1000,30005
series3_comparison,variance_doubling,6,series3_comparison__variance_doubling__rep06,exp_source,std,shewhart,1,1,134,1,False,5.004450456657532,0.8220284990889623,50,500,11000,variance,5.0,1000,30006
series3_comparison,variance_doubling,6,series3_comparison__variance_doubling__rep06,exp_source,std,cusum,1,2,221,2,False,5.004450456657532,0.8220284990889623,50,500,11000,variance,5.0,1000,30006
series3_comparison,variance_doubling,6,series3_comparison__variance_doubling__rep06,exp_source,std,ewma,1,1,498,1,False,5.004450456657532,0.8220284990889623,50,500,11000,variance,5.0,1000,30006
series3_comparison,variance_doubling,7,series3_comparison__variance_doubling__rep07,exp_source,std,shewhart,1,2,259,2,False,4.886952576592556,0.6502146548735006,50,500,11000,variance,5.0,1000,30007
series3_comparison,variance_doubling,7,series3_comparison__variance_doubling__rep07,exp_source,std,cusum,1,2,306,2,False,4.886952576592556,0.6502146548735006,50,500,11000,variance,5.0,1000,30007
series3_comparison,variance_doubling,7,series3_comparison__variance_doubling__rep07,exp_source,std,ewma,1,2,499,2,False,4.886952576592556,0.6502146548735006,50,500,11000,variance,5.0,1000,30007
series3_comparison,variance_doubling,8,series3_comparison__variance_doubling__rep08,exp_source,std,shewhart,1,3,160,3,False,4.8797058968421885,0.8542403300843676,50,500,11000,variance,5.0,1000,30008
series3_comparison,variance_doubling,8,series3_comparison__variance_doubling__rep08,exp_source,std,cusum,1,4,252,4,False,4.8797058968421885,0.8542403300843676,50,500,11000,variance,5.0,1000,30008
series3_comparison,variance_doubling,8,series3_comparison__variance_doubling__rep08,exp_source,std,ewma,1,3,498,3,False,4.8797058968421885,0.8542403300843676,50,500,11000,variance,5.0,1000,30008
series3_comparison,variance_doubling,9,series3_comparison__variance_doubling__rep09,exp_source,std,shewhart,1,8,176,8,False,4.889562719136025,0.8185616637903369,50,500,11000,variance,5.0,1000,30009
series3_comparison,variance_doubling,9,series3_comparison__variance_doubling__rep09,exp_source,std,cusum,1,4,257,4,False,4.889562719136025,0.8185616637903369,50,500,11000,variance,5.0,1000,30009
series3_comparison,variance_doubling,9,series3_comparison__variance_doubling__rep09,exp_source,std,ewma,1,3,498,3,False,4.889562719136025,0.8185616637903369,50,500,11000,variance,5.0,1000,30009
series3_comparison,variance_doubling,10,series3_comparison__variance_doubling__rep10,exp_source,std,shewhart,1,3,178,3,False,4.940777328302441,0.8292166691848477,50,500,11000,variance,5.0,1000,30010
series3_comparison,variance_doubling,10,series3_comparison__variance_doubling__rep10,exp_source,std,cusum,1,3,260,3,False,4.940777328302441,0.8292166691848477,50,500,11000,variance,5.0,1000,30010
series3_comparison,variance_doubling,10,series3_comparison__variance_doubling__rep10,exp_source,std,ewma,1,3,498,3,False,4.940777328302441,0.8292166691848477,50,500,11000,variance,5.0,1000,30010
series3_comparison,variance_doubling,11,series3_comparison__variance_doubling__rep11,exp_source,std,shewhart,1,1,212,1,False,4.994627238069817,0.7410617970687935,50,500,11000,variance,5.0,1000,30011
series3_comparison,variance_doubling,11,series3_comparison__variance_doubling__rep11,exp_source,std,cusum,1,2,273,2,False,4.994627238069817,0.7410617970687935,50,500,11000,variance,5.0,1000,30011
series3_comparison,variance_doubling,11,series3_comparison__variance_doubling__rep11,exp_source,std,ewma,1,1,499,1,False,4.994627238069817,0.7410617970687935,50,500,11000,variance,5.0,1000,30011
series3_comparison,variance_doubling,12,series3_comparison__variance_doubling__rep12,exp_source,std,shewhart,1,2,236,2,False,4.7748530556753455,0.7173742556457858,50,500,11000,variance,5.0,1000,30012
series3_comparison,variance_doubling,12,series3_comparison__variance_doubling__rep12,exp_source,std,cusum,1,6,303,6,False,4.7748530556753455,0.7173742556457858,50,500,11000,variance,5.0,1000,30012
series3_comparison,variance_doubling,12,series3_comparison__variance_doubling__rep12,exp_source,std,ewma,1,6,495,6,False,4.7748530556753455,0.7173742556457858,50,500,11000,variance,5.0,1000,30012
series3_comparison,variance_doubling,13,series3_comparison__variance_doubling__rep13,exp_source,std,shewhart,1,1,209,1,False,5.011634840140616,0.6970828609779997,50,500,11000,variance,5.0,1000,30013
series3_comparison,variance_doubling,13,series3_comparison__variance_doubling__rep13,exp_source,std,cusum,1,4,267,4,False,5.011634840140616,0.6970828609779997,50,500,11000,variance,5.0,1000,30013
series3_comparison,variance_doubling,13,series3_comparison__variance_doubling__rep13,exp_source,std,ewma,1,1,497,1,False,5.011634840140616,0.6970828609779997,50,500,11000,variance,5.0,1000,30013
series3_comparison,variance_doubling,14,series3_comparison__variance_doubling__rep14,exp_source,std,shewhart,1,5,216,5,False,4.864688812515341,0.7663541826177194,50,500,11000,variance,5.0,1000,30014
series3_comparison,variance_doubling,14,series3_comparison__variance_doubling__rep14,exp_source,std,cusum,1,5,283,5,False,4.864688812515341,0.7663541826177194,50,500,11000,variance,5.0,1000,30014
series3_comparison,variance_doubling,14,series3_comparison__variance_doubling__rep14,exp_source,std,ewma,1,3,498,3,False,4.864688812515341,0.7663541826177194,50,500,11000,variance,5.0,1000,30014
series3_comparison,variance_doubling,15,series3_comparison__variance_doubling__rep15,exp_source,std,shewhart,1,1,209,1,False,4.99308695871386,0.7455981974842829,50,500,11000,variance,5.0,1000,30015
series3_comparison,variance_doubling,15,series3_comparison__variance_doubling__rep15,exp_source,std,cusum,1,1,275,1,False,4.99308695871386,0.7455981974842829,50,500,11000,variance,5.0,1000,30015
series3_comparison,variance_doubling,15,series3_comparison__variance_doubling__rep15,exp_source,std,ewma,1,1,500,1,False,4.99308695871386,0.7455981974842829,50,500,11000,variance,5.0,1000,30015
series3_comparison,variance_doubling,16,series3_comparison__variance_doubling__rep16,exp_source,std,shewhart,1,1,218,1,False,4.743336815011643,0.8201765850498406,50,500,11000,variance,5.0,1000,30016
series3_comparison,variance_doubling,16,series3_comparison__variance_doubling__rep16,exp_source,std,cusum,1,2,290,2,False,4.743336815011643,0.8201765850498406,50,500,11000,variance,5.0,1000,30016
series3_comparison,variance_doubling,16,series3_comparison__variance_doubling__rep16,exp_source,std,ewma,1,1,500,1,False,4.743336815011643,0.8201765850498406,50,500,11000,variance,5.0,1000,30016
series3_comparison,variance_doubling,17,series3_comparison__variance_doubling__rep17,exp_source,std,shewhart,1,1,177,1,False,5.0085757053205215,0.7758225054195443,50,500,11000,variance,5.0,1000,30017
series3_comparison,variance_doubling,17,series3_comparison__variance_doubling__rep17,exp_source,std,cusum,1,2,252,2,False,5.0085757053205215,0.7758225054195443,50,500,11000,variance,5.0,1000,30017
series3_comparison,variance_doubling,17,series3_comparison__variance_doubling__rep17,exp_source,std,ewma,1,1,500,1,False,5.0085757053205215,0.7758225054195443,50,500,11000,variance,5.0,1000,30017
series3_comparison,variance_doubling,18,series3_comparison__variance_doubling__rep18,exp_source,std,shewhart,1,4,151,4,False,4.958363139574183,0.854850565380644,50,500,11000,variance,5.0,1000,30018
series3_comparison,variance_doubling,18,series3_comparison__variance_doubling__rep18,exp_source,std,cusum,1,4,240,4,False,4.958363139574183,0.854850565380644,50,500,11000,variance,5.0,1000,30018
series3_comparison,variance_doubling,18,series3_comparison__variance_doubling__rep18,exp_source,std,ewma,1,3,498,3,False,4.958363139574183,0.854850565380644,50,500,11000,variance,5.0,1000,30018
series3_comparison,variance_doubling,19,series3_comparison__variance_doubling__rep19,exp_source,std,shewhart,1,2,194,2,False,4.766279150794099,0.8245714624298157,50,500,11000,variance,5.0,1000,30019
series3_comparison,variance_doubling,19,series3_comparison__variance_doubling__rep19,exp_source,std,cusum,1,3,262,3,False,4.766279150794099,0.8245714624298157,50,500,11000,variance,5.0,1000,30019
series3_comparison,variance_doubling,19,series3_comparison__variance_doubling__rep19,exp_source,std,ewma,1,2,499,2,False,4.766279150794099,0.8245714624298157,50,500,11000,variance,5.0,1000,30019
series3_comparison,variance_doubling,20,series3_comparison__variance_doubling__rep20,exp_source,std,shewhart,1,2,185,2,False,5.0825600608563715,0.7684128299052664,50,500,11000,variance,5.0,1000,30020
series3_comparison,variance_doubling,20,series3_comparison__variance_doubling__rep20,exp_source,std,cusum,1,3,260,3,False,5.0825600608563715,0.7684128299052664,50,500,11000,variance,5.0,1000,30020
series3_comparison,variance_doubling,20,series3_comparison__variance_doubling__rep20,exp_source,std,ewma,1,2,499,2,False,5.0825600608563715,0.7684128299052664,50,500,11000,variance,5.0,1000,30020
series3_comparison,variance_doubling,21,series3_comparison__variance_doubling__rep21,exp_source,std,shewhart,1,1,209,1,False,4.879642097925403,0.7868376596251588,50,500,11000,variance,5.0,1000,30021
series3_comparison,variance_doubling,21,series3_comparison__variance_doubling__rep21,exp_source,std,cusum,1,1,277,1,False,4.879642097925403,0.7868376596251588,50,500,11000,variance,5.0,1000,30021
series3_comparison,variance_doubling,21,series3_comparison__variance_doubling__rep21,exp_source,std,ewma,1,1,500,1,False,4.879642097925403,0.7868376596251588,50,500,11000,variance,5.0,1000,30021
series3_comparison,variance_doubling,22,series3_comparison__variance_doubling__rep22,exp_source,std,shewhart,1,2,266,2,False,4.870208690581607,0.663418366572852,50,500,11000,variance,5.0,1000,30022
series3_comparison,variance_doubling,22,series3_comparison__variance_doubling__rep22,exp_source,std,cusum,1,3,305,3,False,4.870208690581607,0.663418366572852,50,500,11000,variance,5.0,1000,30022
series3_comparison,variance_doubling,22,series3_comparison__variance_doubling__rep22,exp_source,std,ewma,1,2,499,2,False,4.870208690581607,0.663418366572852,50,500,11000,variance,5.0,1000,30022
series3_comparison,variance_doubling,23,series3_comparison__variance_doubling__rep23,exp_source,std,shewhart,1,2,150,2,False,4.968045639082832,0.8670865148163412,50,500,11000,variance,5.0,1000,30023
series3_comparison,variance_doubling,23,series3_comparison__variance_doubling__rep23,exp_source,std,cusum,1,3,228,3,False,4.968045639082832,0.8670865148163412,50,500,11000,variance,5.0,1000,30023
series3_comparison,variance_doubling,23,series3_comparison__variance_doubling__rep23,exp_source,std,ewma,1,2,494,2,False,4.968045639082832,0.8670865148163412,50,500,11000,variance,5.0,1000,30023
series3_comparison,variance_doubling,24,series3_comparison__variance_doubling__rep24,exp_source,std,shewhart,1,4,129,4,False,5.052291408080792,0.8604518568347882,50,500,11000,variance,5.0,1000,30024
series3_comparison,variance_doubling,24,series3_comparison__variance_doubling__rep24,exp_source,std,cusum,1,4,228,4,False,5.052291408080792,0.8604518568347882,50,500,11000,variance,5.0,1000,30024
series3_comparison,variance_doubling,24,series3_comparison__variance_doubling__rep24,exp_source,std,ewma,1,4,497,4,False,5.052291408080792,0.8604518568347882,50,500,11000,variance,5.0,1000,30024
series3_comparison,variance_doubling,25,series3_comparison__variance_doubling__rep25,exp_source,std,shewhart,1,6,247,6,False,4.72706588121184,0.7260862886004056,50,500,11000,variance,5.0,1000,30025
series3_comparison,variance_doubling,25,series3_comparison__variance_doubling__rep25,exp_source,std,cusum,1,5,299,5,False,4.72706588121184,0.7260862886004056,50,500,11000,variance,5.0,1000,30025
series3_comparison,variance_doubling,25,series3_comparison__variance_doubling__rep25,exp_source,std,ewma,1,2,498,2,False,4.72706588121184,0.7260862886004056,50,500,11000,variance,5.0,1000,30025
series3_comparison,variance_doubling,26,series3_comparison__variance_doubling__rep26,exp_source,std,shewhart,1,3,206,3,False,5.052126493061736,0.745029767749247,50,500,11000,variance,5.0,1000,30026
series3_comparison,variance_doubling,26,series3_comparison__variance_doubling__rep26,exp_source,std,cusum,1,3,263,3,False,5.052126493061736,0.745029767749247,50,500,11000,variance,5.0,1000,30026
series3_comparison,variance_doubling,26,series3_comparison__variance_doubling__rep26,exp_source,std,ewma,1,2,499,2,False,5.052126493061736,0.745029767749247,50,500,11000,variance,5.0,1000,30026
series3_comparison,variance_doubling,27,series3_comparison__variance_doubling__rep27,exp_source,std,shewhart,1,1,188,1,False,4.786891170216269,0.8143889794838111,50,500,11000,variance,5.0,1000,30027
series3_comparison,variance_doubling,27,series3_comparison__variance_doubling__rep27,exp_source,std,cusum,1,2,267,2,False,4.786891170216269,0.8143889794838111,50,500,11000,variance,5.0,1000,30027
series3_comparison,variance_doubling,27,series3_comparison__variance_doubling__rep27,exp_source,std,ewma,1,1,500,1,False,4.786891170216269,0.8143889794838111,50,500,11000,variance,5.0,1000,30027
series3_comparison,variance_doubling,28,series3_comparison__variance_doubling__rep28,exp_source,std,shewhart,1,10,198,10,False,4.779896563416129,0.8477246170671396,50,500,11000,variance,5.0,1000,30028
series3_comparison,variance_doubling,28,series3_comparison__variance_doubling__rep28,exp_source,std,cusum,1,4,276,4,False,4.779896563416129,0.8477246170671396,50,500,11000,variance,5.0,1000,30028
series3_comparison,variance_doubling,28,series3_comparison__variance_doubling__rep28,exp_source,std,ewma,1,3,498,3,False,4.779896563416129,0.8477246170671396,50,500,11000,variance,5.0,1000,30028
series3_comparison,variance_doubling,29,series3_comparison__variance_doubling__rep29,exp_source,std,shewhart,1,2,102,2,False,5.042521541459863,0.9071294295607162,50,500,11000,variance,5.0,1000,30029
series3_comparison,variance_doubling,29,series3_comparison__variance_doubling__rep29,exp_source,std,cusum,1,3,217,3,False,5.042521541459863,0.9071294295607162,50,500,11000,variance,5.0,1000,30029
series3_comparison,variance_doubling,29,series3_comparison__variance_doubling__rep29,exp_source,std,ewma,1,3,496,3,False,5.042521541459863,0.9071294295607162,50,500,11000,variance,5.0,1000,30029
series3_comparison,variance_doubling,30,series3_comparison__variance_doubling__rep30,exp_source,std,shewhart,1,6,193,6,False,4.9850328228142295,0.7606127575572718,50,500,11000,variance,5.0,1000,30030
series3_comparison,variance_doubling,30,series3_comparison__variance_doubling__rep30,exp_source,std,cusum,1,5,261,5,False,4.9850328228142295,0.7606127575572718,50,500,11000,variance,5.0,1000,30030
series3_comparison,variance_doubling,30,series3_comparison__variance_doubling__rep30,exp_source,std,ewma,1,2,497,2,False,4.9850328228142295,0.7606127575572718,50,500,11000,variance,5.0,1000,30030
series3_comparison,spikes_5pct,1,series3_comparison__spikes_5pct__rep01,exp_source,mean,shewhart,1,3,31,3,False,100.16866759611315,1.162896065114688,50,500,11000,spikes,0.05,1000,40001
series3_comparison,spikes_5pct,1,series3_comparison__spikes_5pct__rep01,exp_source,mean,cusum,1,56,25,56,False,100.16866759611315,1.162896065114688,50,500,11000,spikes,0.05,1000,40001
series3_comparison,spikes_5pct,1,series3_comparison__spikes_5pct__rep01,exp_source,mean,ewma,1,3,47,3,False,100.16866759611315,1.162896065114688,50,500,11000,spikes,0.05,1000,40001
series3_comparison,spikes_5pct,2,series3_comparison__spikes_5pct__rep02,exp_source,mean,shewhart,1,18,41,18,False,99.89869489292613,1.0456995296268545,50,500,11000,spikes,0.05,1000,40002
series3_comparison,spikes_5pct,2,series3_comparison__spikes_5pct__rep02,exp_source,mean,cusum,1,36,31,36,False,99.89869489292613,1.0456995296268545,50,500,11000,spikes,0.05,1000,40002
series3_comparison,spikes_5pct,2,series3_comparison__spikes_5pct__rep02,exp_source,mean,ewma,1,29,48,29,False,99.89869489292613,1.0456995296268545,50,500,11000,spikes,0.05,1000,40002
series3_comparison,spikes_5pct,3,series3_comparison__spikes_5pct__rep03,exp_source,mean,shewhart,1,9,29,9,False,99.81189195690571,1.137250032283185,50,500,11000,spikes,0.05,1000,40003
series3_comparison,spikes_5pct,3,series3_comparison__spikes_5pct__rep03,exp_source,mean,cusum,1,89,22,89,False,99.81189195690571,1.137250032283185,50,500,11000,spikes,0.05,1000,40003
series3_comparison,spikes_5pct,3,series3_comparison__spikes_5pct__rep03,exp_source,mean,ewma,1,9,40,9,False,99.81189195690571,1.137250032283185,50,500,11000,spikes,0.05,1000,40003
series3_comparison,spikes_5pct,4,series3_comparison__spikes_5pct__rep04,exp_source,mean,shewhart,1,3,44,3,False,99.92357940615496,1.0730803229457015,50,500,11000,spikes,0.05,1000,40004
series3_comparison,spikes_5pct,4,series3_comparison__spikes_5pct__rep04,exp_source,mean,cusum,1,6,33,6,False,99.92357940615496,1.0730803229457015,50,500,11000,spikes,0.05,1000,40004
series3_comparison,spikes_5pct,4,series3_comparison__spikes_5pct__rep04,exp_source,mean,ewma,1,6,76,6,False,99.92357940615496,1.0730803229457015,50,500,11000,spikes,0.05,1000,40004
series3_comparison,spikes_5pct,5,series3_comparison__spikes_5pct__rep05,exp_source,mean,shewhart,1,5,56,5,False,99.83867856081308,0.9895459934977304,50,500,11000,spikes,0.05,1000,40005
series3_comparison,spikes_5pct,5,series3_comparison__spikes_5pct__rep05,exp_source,mean,cusum,1,16,36,16,False,99.83867856081308,0.9895459934977304,50,500,11000,spikes,0.05,1000,40005
series3_comparison,spikes_5pct,5,series3_comparison__spikes_5pct__rep05,exp_source,mean,ewma,1,16,57,16,False,99.83867856081308,0.9895459934977304,50,500,11000,spikes,0.05,1000,40005
series3_comparison,spikes_5pct,6,series3_comparison__spikes_5pct__rep06,exp_source,mean,shewhart,1,4,85,4,False,100.22715611990705,0.8201008306730456,50,500,11000,spikes,0.05,1000,40006
series3_comparison,spikes_5pct,6,series3_comparison__spikes_5pct__rep06,exp_source,mean,cusum,1,19,73,19,False,100.22715611990705,0.8201008306730456,50,500,11000,spikes,0.05,1000,40006
series3_comparison,spikes_5pct,6,series3_comparison__spikes_5pct__rep06,exp_source,mean,ewma,1,4,112,4,False,100.22715611990705,0.8201008306730456,50,500,11000,spikes,0.05,1000,40006
series3_comparison,spikes_5pct,7,series3_comparison__spikes_5pct__rep07,exp_source,mean,shewhart,1,5,39,5,False,100.17549302445822,1.1489856168469856,50,500,11000,spikes,0.05,1000,40007
series3_comparison,spikes_5pct,7,series3_comparison__spikes_5pct__rep07,exp_source,mean,cusum,1,6,26,6,False,100.17549302445822,1.1489856168469856,50,500,11000,spikes,0.05,1000,40007
series3_comparison,spikes_5pct,7,series3_comparison__spikes_5pct__rep07,exp_source,mean,ewma,1,6,36,6,False,100.17549302445822,1.1489856168469856,50,500,11000,spikes,0.05,1000,40007
series3_comparison,spikes_5pct,8,series3_comparison__spikes_5pct__rep08,exp_source,mean,shewhart,1,2,38,2,False,99.93760435297624,1.122716578854495,50,500,11000,spikes,0.05,1000,40008
series3_comparison,spikes_5pct,8,series3_comparison__spikes_5pct__rep08,exp_source,mean,cusum,1,9,31,9,False,99.93760435297624,1.122716578854495,50,500,11000,spikes,0.05,1000,40008
series3_comparison,spikes_5pct,8,series3_comparison__spikes_5pct__rep08,exp_source,mean,ewma,1,2,35,2,False,99.93760435297624,1.122716578854495,50,500,11000,spikes,0.05,1000,40008
series3_comparison,spikes_5pct,9,series3_comparison__spikes_5pct__rep09,exp_source,mean,shewhart,1,1,25,1,False,99.99705973839798,1.2422357503076327,50,500,11000,spikes,0.05,1000,40009
series3_comparison,spikes_5pct,9,series3_comparison__spikes_5pct__rep09,exp_source,mean,cusum,1,3,13,3,False,99.99705973839798,1.2422357503076327,50,500,11000,spikes,0.05,1000,40009
series3_comparison,spikes_5pct,9,series3_comparison__spikes_5pct__rep09,exp_source,mean,ewma,1,1,13,1,False,99.99705973839798,1.2422357503076327,50,500,11000,spikes,0.05,1000,40009
series3_comparison,spikes_5pct,10,series3_comparison__spikes_5pct__rep10,exp_source,mean,shewhart,1,2,47,2,False,99.83961194172659,1.095957348827753,50,500,11000,spikes,0.05,1000,40010
series3_comparison,spikes_5pct,10,series3_comparison__spikes_5pct__rep10,exp_source,mean,cusum,1,4,45,4,False,99.83961194172659,1.095957348827753,50,500,11000,spikes,0.05,1000,40010
series3_comparison,spikes_5pct,10,series3_comparison__spikes_5pct__rep10,exp_source,mean,ewma,1,2,94,2,False,99.83961194172659,1.095957348827753,50,500,11000,spikes,0.05,1000,40010
series3_comparison,spikes_5pct,11,series3_comparison__spikes_5pct__rep11,exp_source,mean,shewhart,1,3,80,3,False,100.05128482546286,0.8836144501109813,50,500,11000,spikes,0.05,1000,40011
series3_comparison,spikes_5pct,11,series3_comparison__spikes_5pct__rep11,exp_source,mean,cusum,1,8,58,8,False,100.05128482546286,0.8836144501109813,50,500,11000,spikes,0.05,1000,40011
series3_comparison,spikes_5pct,11,series3_comparison__spikes_5pct__rep11,exp_source,mean,ewma,1,4,82,4,False,100.05128482546286,0.8836144501109813,50,500,11000,spikes,0.05,1000,40011
series3_comparison,spikes_5pct,12,series3_comparison__spikes_5pct__rep12,exp_source,mean,shewhart,1,7,64,7,False,100.2134119443228,0.9693038330595756,50,500,11000,spikes,0.05,1000,40012
series3_comparison,spikes_5pct,12,series3_comparison__spikes_5pct__rep12,exp_source,mean,cusum,1,7,57,7,False,100.2134119443228,0.9693038330595756,50,500,11000,spikes,0.05,1000,40012
series3_comparison,spikes_5pct,12,series3_comparison__spikes_5pct__rep12,exp_source,mean,ewma,1,7,85,7,False,100.2134119443228,0.9693038330595756,50,500,11000,spikes,0.05,1000,40012
series3_comparison,spikes_5pct,13,series3_comparison__spikes_5pct__rep13,exp_source,mean,shewhart,1,11,54,11,False,100.28618759330882,1.0587878991387973,50,500,11000,spikes,0.05,1000,40013
series3_comparison,spikes_5pct,13,series3_comparison__spikes_5pct__rep13,exp_source,mean,cusum,1,11,35,11,False,100.28618759330882,1.0587878991387973,50,500,11000,spikes,0.05,1000,40013
series3_comparison,spikes_5pct,13,series3_comparison__spikes_5pct__rep13,exp_source,mean,ewma,1,2,57,2,False,100.28618759330882,1.0587878991387973,50,500,11000,spikes,0.05,1000,40013
series3_comparison,spikes_5pct,14,series3_comparison__spikes_5pct__rep14,exp_source,mean,shewhart,1,23,43,23,False,100.06953627916647,1.0902248240727868,50,500,11000,spikes,0.05,1000,40014
series3_comparison,spikes_5pct,14,series3_comparison__spikes_5pct__rep14,exp_source,mean,cusum,1,24,30,24,False,100.06953627916647,1.0902248240727868,50,500,11000,spikes,0.05,1000,40014
series3_comparison,spikes_5pct,14,series3_comparison__spikes_5pct__rep14,exp_source,mean,ewma,1,23,41,23,False,100.06953627916647,1.0902248240727868,50,500,11000,spikes,0.05,1000,40014
series3_comparison,spikes_5pct,15,series3_comparison__spikes_5pct__rep15,exp_source,mean,shewhart,1,2,21,2,False,99.82638425426927,1.277746840518039,50,500,11000,spikes,0.05,1000,40015
series3_comparison,spikes_5pct,15,series3_comparison__spikes_5pct__rep15,exp_source,mean,cusum,1,16,9,16,False,99.82638425426927,1.277746840518039,50,500,11000,spikes,0.05,1000,40015
series3_comparison,spikes_5pct,15,series3_comparison__spikes_5pct__rep15,exp_source,mean,ewma,1,3,12,3,False,99.82638425426927,1.277746840518039,50,500,11000,spikes,0.05,1000,40015
series3_comparison,spikes_5pct,16,series3_comparison__spikes_5pct__rep16,exp_source,mean,shewhart,1,15,55,15,False,100.13696088978881,1.0092510418633802,50,500,11000,spikes,0.05,1000,40016
series3_comparison,spikes_5pct,16,series3_comparison__spikes_5pct__rep16,exp_source,mean,cusum,1,18,46,18,False,100.13696088978881,1.0092510418633802,50,500,11000,spikes,0.05,1000,40016
series3_comparison,spikes_5pct,16,series3_comparison__spikes_5pct__rep16,exp_source,mean,ewma,1,18,50,18,False,100.13696088978881,1.0092510418633802,50,500,11000,spikes,0.05,1000,40016
series3_comparison,spikes_5pct,17,series3_comparison__spikes_5pct__rep17,exp_source,mean,shewhart,1,4,26,4,False,99.97418717697218,1.1361568230823536,50,500,11000,spikes,0.05,1000,40017
series3_comparison,spikes_5pct,17,series3_comparison__spikes_5pct__rep17,exp_source,mean,cusum,1,111,18,111,False,99.97418717697218,1.1361568230823536,50,500,11000,spikes,0.05,1000,40017
series3_comparison,spikes_5pct,17,series3_comparison__spikes_5pct__rep17,exp_source,mean,ewma,1,123,15,123,False,99.97418717697218,1.1361568230823536,50,500,11000,spikes,0.05,1000,40017
series3_comparison,spikes_5pct,18,series3_comparison__spikes_5pct__rep18,exp_source,mean,shewhart,1,1,43,1,False,100.22693733223953,1.1325437197856507,50,500,11000,spikes,0.05,1000,40018
series3_comparison,spikes_5pct,18,series3_comparison__spikes_5pct__rep18,exp_source,mean,cusum,1,28,27,28,False,100.22693733223953,1.1325437197856507,50,500,11000,spikes,0.05,1000,40018
series3_comparison,spikes_5pct,18,series3_comparison__spikes_5pct__rep18,exp_source,mean,ewma,1,1,30,1,False,100.22693733223953,1.1325437197856507,50,500,11000,spikes,0.05,1000,40018
series3_comparison,spikes_5pct,19,series3_comparison__spikes_5pct__rep19,exp_source,mean,shewhart,1,6,19,6,False,99.81100718615724,1.248080607643826,50,500,11000,spikes,0.05,1000,40019
series3_comparison,spikes_5pct,19,series3_comparison__spikes_5pct__rep19,exp_source,mean,cusum,1,79,14,79,False,99.81100718615724,1.248080607643826,50,500,11000,spikes,0.05,1000,40019
series3_comparison,spikes_5pct,19,series3_comparison__spikes_5pct__rep19,exp_source,mean,ewma,1,7,25,7,False,99.81100718615724,1.248080607643826,50,500,11000,spikes,0.05,1000,40019
series3_comparison,spikes_5pct,20,series3_comparison__spikes_5pct__rep20,exp_source,mean,shewhart,1,3,42,3,False,99.93024434935411,1.0877706835741918,50,500,11000,spikes,0.05,1000,40020
series3_comparison,spikes_5pct,20,series3_comparison__spikes_5pct__rep20,exp_source,mean,cusum,1,5,31,5,False,99.93024434935411,1.0877706835741918,50,500,11000,spikes,0.05,1000,40020
series3_comparison,spikes_5pct,20,series3_comparison__spikes_5pct__rep20,exp_source,mean,ewma,1,44,41,44,False,99.93024434935411,1.0877706835741918,50,500,11000,spikes,0.05,1000,40020
series3_comparison,spikes_5pct,21,series3_comparison__spikes_5pct__rep21,exp_source,mean,shewhart,1,9,35,9,False,99.90514718189482,1.1433358680625534,50,500,11000,spikes,0.05,1000,40021
series3_comparison,spikes_5pct,21,series3_comparison__spikes_5pct__rep21,exp_source,mean,cusum,1,20,21,20,False,99.90514718189482,1.1433358680625534,50,500,11000,spikes,0.05,1000,40021
series3_comparison,spikes_5pct,21,series3_comparison__spikes_5pct__rep21,exp_source,mean,ewma,1,20,20,20,False,99.90514718189482,1.1433358680625534,50,500,11000,spikes,0.05,1000,40021
series3_comparison,spikes_5pct,22,series3_comparison__spikes_5pct__rep22,exp_source,mean,shewhart,1,5,27,5,False,100.11632102264848,1.1318720977148764,50,500,11000,spikes,0.05,1000,40022
series3_comparison,spikes_5pct,22,series3_comparison__spikes_5pct__rep22,exp_source,mean,cusum,1,91,16,91,False,100.11632102264848,1.1318720977148764,50,500,11000,spikes,0.05,1000,40022
series3_comparison,spikes_5pct,22,series3_comparison__spikes_5pct__rep22,exp_source,mean,ewma,1,51,27,51,False,100.11632102264848,1.1318720977148764,50,500,11000,spikes,0.05,1000,40022
series3_comparison,spikes_5pct,23,series3_comparison__spikes_5pct__rep23,exp_source,mean,shewhart,1,10,30,10,False,99.68868751191657,1.1444471691916733,50,500,11000,spikes,0.05,1000,40023
series3_comparison,spikes_5pct,23,series3_comparison__spikes_5pct__rep23,exp_source,mean,cusum,1,21,24,21,False,99.68868751191657,1.1444471691916733,50,500,11000,spikes,0.05,1000,40023
series3_comparison,spikes_5pct,23,series3_comparison__spikes_5pct__rep23,exp_source,mean,ewma,1,21,39,21,False,99.68868751191657,1.1444471691916733,50,500,11000,spikes,0.05,1000,40023
series3_comparison,spikes_5pct,24,series3_comparison__spikes_5pct__rep24,exp_source,mean,shewhart,1,8,46,8,False,99.8236722217942,1.0971850697568137,50,500,11000,spikes,0.05,1000,40024
series3_comparison,spikes_5pct,24,series3_comparison__spikes_5pct__rep24,exp_source,mean,cusum,1,15,35,15,False,99.8236722217942,1.0971850697568137,50,500,11000,spikes,0.05,1000,40024
series3_comparison,spikes_5pct,24,series3_comparison__spikes_5pct__rep24,exp_source,mean,ewma,1,15,38,15,False,99.8236722217942,1.0971850697568137,50,500,11000,spikes,0.05,1000,40024
series3_comparison,spikes_5pct,25,series3_comparison__spikes_5pct__rep25,exp_source,mean,shewhart,1,7,27,7,False,99.92282653218483,1.3104561015929996,50,500,11000,spikes,0.05,1000,40025
series3_comparison,spikes_5pct,25,series3_comparison__spikes_5pct__rep25,exp_source,mean,cusum,1,8,14,8,False,99.92282653218483,1.3104561015929996,50,500,11000,spikes,0.05,1000,40025
series3_comparison,spikes_5pct,25,series3_comparison__spikes_5pct__rep25,exp_source,mean,ewma,1,9,22,9,False,99.92282653218483,1.3104561015929996,50,500,11000,spikes,0.05,1000,40025
series3_comparison,spikes_5pct,26,series3_comparison__spikes_5pct__rep26,exp_source,mean,shewhart,1,1,60,1,False,99.9839705790694,0.9634828867145983,50,500,11000,spikes,0.05,1000,40026
series3_comparison,spikes_5pct,26,series3_comparison__spikes_5pct__rep26,exp_source,mean,cusum,1,16,50,16,False,99.9839705790694,0.9634828867145983,50,500,11000,spikes,0.05,1000,40026
series3_comparison,spikes_5pct,26,series3_comparison__spikes_5pct__rep26,exp_source,mean,ewma,1,1,48,1,False,99.9839705790694,0.9634828867145983,50,500,11000,spikes,0.05,1000,40026
series3_comparison,spikes_5pct,27,series3_comparison__spikes_5pct__rep27,exp_source,mean,shewhart,1,21,49,21,False,100.07311533320295,1.0959813734555621,50,500,11000,spikes,0.05,1000,40027
series3_comparison,spikes_5pct,27,series3_comparison__spikes_5pct__rep27,exp_source,mean,cusum,1,22,39,22,False,100.07311533320295,1.0959813734555621,50,500,11000,spikes,0.05,1000,40027
series3_comparison,spikes_5pct,27,series3_comparison__spikes_5pct__rep27,exp_source,mean,ewma,1,22,31,22,False,100.07311533320295,1.0959813734555621,50,500,11000,spikes,0.05,1000,40027
series3_comparison,spikes_5pct,28,series3_comparison__spikes_5pct__rep28,exp_source,mean,shewhart,1,2,49,2,False,99.98719897602498,1.0584353792136554,50,500,11000,spikes,0.05,1000,40028
series3_comparison,spikes_5pct,28,series3_comparison__spikes_5pct__rep28,exp_source,mean,cusum,1,3,32,3,False,99.98719897602498,1.0584353792136554,50,500,11000,spikes,0.05,1000,40028
series3_comparison,spikes_5pct,28,series3_comparison__spikes_5pct__rep28,exp_source,mean,ewma,1,2,43,2,False,99.98719897602498,1.0584353792136554,50,500,11000,spikes,0.05,1000,40028
series3_comparison,spikes_5pct,29,series3_comparison__spikes_5pct__rep29,exp_source,mean,shewhart,1,14,21,14,False,99.93815416225782,1.307304565147212,50,500,11000,spikes,0.05,1000,40029
series3_comparison,spikes_5pct,29,series3_comparison__spikes_5pct__rep29,exp_source,mean,cusum,1,19,11,19,False,99.93815416225782,1.307304565147212,50,500,11000,spikes,0.05,1000,40029
series3_comparison,spikes_5pct,29,series3_comparison__spikes_5pct__rep29,exp_source,mean,ewma,1,19,14,19,False,99.93815416225782,1.307304565147212,50,500,11000,spikes,0.05,1000,40029
series3_comparison,spikes_5pct,30,series3_comparison__spikes_5pct__rep30,exp_source,mean,shewhart,1,17,42,17,False,100.29128709978646,1.0901107878423406,50,500,11000,spikes,0.05,1000,40030
series3_comparison,spikes_5pct,30,series3_comparison__spikes_5pct__rep30,exp_source,mean,cusum,1,68,40,68,False,100.29128709978646,1.0901107878423406,50,500,11000,spikes,0.05,1000,40030
series3_comparison,spikes_5pct,30,series3_comparison__spikes_5pct__rep30,exp_source,mean,ewma,1,68,74,68,False,100.29128709978646,1.0901107878423406,50,500,11000,spikes,0.05,1000,40030
